[{"Brand Symbol": "GPFOF", "Brand Titles": "Grupo Financiero Inbursa, S.A.B. de C.V.", "price": "2.0000", "Change": 0.65, "Change Precentage": "+48.15%", "Volume": "214,614", "Average Volume": "10,994", "Market Cap": "12.957B", "Ratio": "1.04"}, {"Brand Symbol": "AMC", "Brand Titles": "AMC Entertainment Holdings, Inc.", "price": "29.33", "Change": 9.09, "Change Precentage": "+44.91%", "Volume": "219.642M", "Average Volume": "51.313M", "Market Cap": "15.056B", "Ratio": null}, {"Brand Symbol": "NEGG", "Brand Titles": "Newegg Commerce, Inc.", "price": "7.40", "Change": 2.24, "Change Precentage": "+43.41%", "Volume": "38.717M", "Average Volume": "1.055M", "Market Cap": "2.728B", "Ratio": "36.63"}, {"Brand Symbol": "GME", "Brand Titles": "GameStop Corp.", "price": "189.59", "Change": 37.64, "Change Precentage": "+24.77%", "Volume": "16.317M", "Average Volume": "4.172M", "Market Cap": "14.473B", "Ratio": null}, {"Brand Symbol": "BBBY", "Brand Titles": "Bed Bath & Beyond Inc.", "price": "26.32", "Change": 3.73, "Change Precentage": "+16.51%", "Volume": "12.214M", "Average Volume": "8.943M", "Market Cap": "2.536B", "Ratio": null}, {"Brand Symbol": "IBA", "Brand Titles": "Industrias Bachoco, S.A.B. de C.V.", "price": "46.07", "Change": 6.27, "Change Precentage": "+15.75%", "Volume": "106,830", "Average Volume": "12,926", "Market Cap": "2.304B", "Ratio": "9.10"}, {"Brand Symbol": "FBBPF", "Brand Titles": "FIBRA Prologis", "price": "2.5000", "Change": 0.33, "Change Precentage": "+15.21%", "Volume": "25,500", "Average Volume": "5,200", "Market Cap": "2.388B", "Ratio": "4.27"}, {"Brand Symbol": "SONO", "Brand Titles": "Sonos, Inc.", "price": "30.20", "Change": 3.74, "Change Precentage": "+14.13%", "Volume": "15.369M", "Average Volume": "2.692M", "Market Cap": "3.854B", "Ratio": "28.76"}, {"Brand Symbol": "ALLG", "Brand Titles": "Allego N.V.", "price": "20.92", "Change": 2.2, "Change Precentage": "+11.75%", "Volume": "6.165M", "Average Volume": "1.975M", "Market Cap": "5.551B", "Ratio": null}, {"Brand Symbol": "BRPHF", "Brand Titles": "Galaxy Digital Holdings Ltd.", "price": "21.19", "Change": 2.16, "Change Precentage": "+11.34%", "Volume": "264,787", "Average Volume": "285,547", "Market Cap": "7.035B", "Ratio": "6.06"}, {"Brand Symbol": "JDSPY", "Brand Titles": "JD Sports Fashion plc", "price": "2.0200", "Change": 0.2, "Change Precentage": "+10.99%", "Volume": "23,170", "Average Volume": "3,927", "Market Cap": "10.419B", "Ratio": "18.53"}, {"Brand Symbol": "FRGE", "Brand Titles": "Forge Global Holdings, Inc.", "price": "20.75", "Change": 2.05, "Change Precentage": "+10.96%", "Volume": "2.35M", "Average Volume": "498,381", "Market Cap": "3.446B", "Ratio": null}, {"Brand Symbol": "STAA", "Brand Titles": "STAAR Surgical Company", "price": "80.71", "Change": 7.76, "Change Precentage": "+10.64%", "Volume": "2.35M", "Average Volume": "463,134", "Market Cap": "3.854B", "Ratio": "161.42"}, {"Brand Symbol": "VTKLF", "Brand Titles": "Vtech Holdings Limited", "price": "7.30", "Change": 0.7, "Change Precentage": "+10.52%", "Volume": "25,000", "Average Volume": "580", "Market Cap": "2.026B", "Ratio": "9.99"}, {"Brand Symbol": "RIOT", "Brand Titles": "Riot Blockchain, Inc.", "price": "22.86", "Change": 2.1, "Change Precentage": "+10.12%", "Volume": "14.307M", "Average Volume": "9.906M", "Market Cap": "2.681B", "Ratio": null}, {"Brand Symbol": "XPOF", "Brand Titles": "Xponential Fitness, Inc.", "price": "26.00", "Change": 2.32, "Change Precentage": "+9.80%", "Volume": "678,816", "Average Volume": "194,655", "Market Cap": "2.414B", "Ratio": null}, {"Brand Symbol": "IQ", "Brand Titles": "iQIYI, Inc.", "price": "4.7200", "Change": 0.41, "Change Precentage": "+9.51%", "Volume": "17.829M", "Average Volume": "18.318M", "Market Cap": "4.499B", "Ratio": null}, {"Brand Symbol": "DASH", "Brand Titles": "DoorDash, Inc.", "price": "114.43", "Change": 9.14, "Change Precentage": "+8.68%", "Volume": "3.346M", "Average Volume": "5.902M", "Market Cap": "39.869B", "Ratio": null}, {"Brand Symbol": "CVT", "Brand Titles": "Cvent Holding Corp.", "price": "6.92", "Change": 0.55, "Change Precentage": "+8.63%", "Volume": "164,853", "Average Volume": "313,096", "Market Cap": "3.329B", "Ratio": null}, {"Brand Symbol": "OKTA", "Brand Titles": "Okta, Inc.", "price": "149.86", "Change": 11.75, "Change Precentage": "+8.51%", "Volume": "4.849M", "Average Volume": "2.649M", "Market Cap": "23.482B", "Ratio": null}, {"Brand Symbol": "MARA", "Brand Titles": "Marathon Digital Holdings, Inc.", "price": "31.27", "Change": 2.38, "Change Precentage": "+8.24%", "Volume": "19.226M", "Average Volume": "12.806M", "Market Cap": "3.222B", "Ratio": null}, {"Brand Symbol": "NAPA", "Brand Titles": "The Duckhorn Portfolio, Inc.", "price": "18.77", "Change": 1.41, "Change Precentage": "+8.12%", "Volume": "880,333", "Average Volume": "300,267", "Market Cap": "2.16B", "Ratio": "38.70"}, {"Brand Symbol": "TSLA", "Brand Titles": "Tesla, Inc.", "price": "1,091.84", "Change": 81.2, "Change Precentage": "+8.03%", "Volume": "34.169M", "Average Volume": "26.999M", "Market Cap": "1.132T", "Ratio": "222.78"}, {"Brand Symbol": "CLPXY", "Brand Titles": "China Longyuan Power Group Corporation Limited", "price": "21.44", "Change": 1.59, "Change Precentage": "+8.01%", "Volume": "117,633", "Average Volume": "14,914", "Market Cap": "30.236B", "Ratio": "18.64"}, {"Brand Symbol": "MSTR", "Brand Titles": "MicroStrategy Incorporated", "price": "510.00", "Change": 37.58, "Change Precentage": "+7.95%", "Volume": "426,523", "Average Volume": "527,301", "Market Cap": "5.756B", "Ratio": null}, {"Brand Symbol": "COIN", "Brand Titles": "Coinbase Global, Inc.", "price": "201.41", "Change": 14.7, "Change Precentage": "+7.87%", "Volume": "6.624M", "Average Volume": "4.89M", "Market Cap": "52.749B", "Ratio": "13.89"}, {"Brand Symbol": "NUVA", "Brand Titles": "NuVasive, Inc.", "price": "55.97", "Change": 4.03, "Change Precentage": "+7.76%", "Volume": "712,561", "Average Volume": "602,339", "Market Cap": "2.898B", "Ratio": null}, {"Brand Symbol": "YOU", "Brand Titles": "Clear Secure, Inc.", "price": "24.79", "Change": 1.78, "Change Precentage": "+7.74%", "Volume": "658,921", "Average Volume": "1.02M", "Market Cap": "2.576B", "Ratio": null}, {"Brand Symbol": "SNOW", "Brand Titles": "Snowflake Inc.", "price": "235.89", "Change": 16.08, "Change Precentage": "+7.32%", "Volume": "7.241M", "Average Volume": "5.459M", "Market Cap": "72.253B", "Ratio": null}, {"Brand Symbol": "FVRR", "Brand Titles": "Fiverr International Ltd.", "price": "77.99", "Change": 5.21, "Change Precentage": "+7.16%", "Volume": "785,877", "Average Volume": "1.108M", "Market Cap": "2.993B", "Ratio": null}, {"Brand Symbol": "SG", "Brand Titles": "Sweetgreen, Inc.", "price": "34.69", "Change": 2.29, "Change Precentage": "+7.07%", "Volume": "919,683", "Average Volume": "1.08M", "Market Cap": "3.826B", "Ratio": null}, {"Brand Symbol": "QS", "Brand Titles": "QuantumScape Corporation", "price": "18.48", "Change": 1.19, "Change Precentage": "+6.88%", "Volume": "23.122M", "Average Volume": "8.375M", "Market Cap": "7.943B", "Ratio": null}, {"Brand Symbol": "EMBK", "Brand Titles": "Embark Technology, Inc.", "price": "5.75", "Change": 0.36, "Change Precentage": "+6.68%", "Volume": "554,542", "Average Volume": "804,924", "Market Cap": "2.587B", "Ratio": null}, {"Brand Symbol": "CHWY", "Brand Titles": "Chewy, Inc.", "price": "48.80", "Change": 3.04, "Change Precentage": "+6.64%", "Volume": "4.307M", "Average Volume": "4.452M", "Market Cap": "20.397B", "Ratio": "1,876.92"}, {"Brand Symbol": "HELFY", "Brand Titles": "HelloFresh SE", "price": "11.52", "Change": 0.71, "Change Precentage": "+6.57%", "Volume": "21,924", "Average Volume": "35,395", "Market Cap": "8.005B", "Ratio": "29.50"}, {"Brand Symbol": "NIO", "Brand Titles": "NIO Inc.", "price": "21.21", "Change": 1.3, "Change Precentage": "+6.53%", "Volume": "74.76M", "Average Volume": "68.758M", "Market Cap": "38.659B", "Ratio": null}, {"Brand Symbol": "TEAM", "Brand Titles": "Atlassian Corporation Plc", "price": "302.31", "Change": 18.1, "Change Precentage": "+6.37%", "Volume": "1.748M", "Average Volume": "2.163M", "Market Cap": "76.632B", "Ratio": null}, {"Brand Symbol": "GTLB", "Brand Titles": "GitLab Inc.", "price": "53.76", "Change": 3.21, "Change Precentage": "+6.35%", "Volume": "2.073M", "Average Volume": "1.394M", "Market Cap": "7.897B", "Ratio": null}, {"Brand Symbol": "CFLT", "Brand Titles": "Confluent, Inc.", "price": "42.11", "Change": 2.48, "Change Precentage": "+6.26%", "Volume": "1.989M", "Average Volume": "3.435M", "Market Cap": "11.494B", "Ratio": null}, {"Brand Symbol": "ATHM", "Brand Titles": "Autohome Inc.", "price": "31.60", "Change": 1.83, "Change Precentage": "+6.15%", "Volume": "698,218", "Average Volume": "900,554", "Market Cap": "3.949B", "Ratio": "11.73"}, {"Brand Symbol": "HUBS", "Brand Titles": "HubSpot, Inc.", "price": "492.27", "Change": 28.42, "Change Precentage": "+6.13%", "Volume": "618,816", "Average Volume": "845,698", "Market Cap": "23.955B", "Ratio": null}, {"Brand Symbol": "OSH", "Brand Titles": "Oak Street Health, Inc.", "price": "27.05", "Change": 1.56, "Change Precentage": "+6.12%", "Volume": "2.493M", "Average Volume": "3.687M", "Market Cap": "6.512B", "Ratio": null}, {"Brand Symbol": "MPNGY", "Brand Titles": "Meituan", "price": "39.03", "Change": 2.21, "Change Precentage": "+6.00%", "Volume": "118,729", "Average Volume": "136,065", "Market Cap": "122.228B", "Ratio": null}, {"Brand Symbol": "BRZE", "Brand Titles": "Braze, Inc.", "price": "41.99", "Change": 2.37, "Change Precentage": "+5.98%", "Volume": "721,771", "Average Volume": "457,998", "Market Cap": "3.868B", "Ratio": null}, {"Brand Symbol": "SQ", "Brand Titles": "Block, Inc.", "price": "138.12", "Change": 7.79, "Change Precentage": "+5.98%", "Volume": "17.726M", "Average Volume": "21.019M", "Market Cap": "80.118B", "Ratio": "418.55"}, {"Brand Symbol": "SWN", "Brand Titles": "Southwestern Energy Company", "price": "7.29", "Change": 0.41, "Change Precentage": "+5.96%", "Volume": "62.555M", "Average Volume": "27.417M", "Market Cap": "8.123B", "Ratio": null}, {"Brand Symbol": "ZIM", "Brand Titles": "ZIM Integrated Shipping Services Ltd.", "price": "72.34", "Change": 3.94, "Change Precentage": "+5.76%", "Volume": "6.24M", "Average Volume": "4.563M", "Market Cap": "8.667B", "Ratio": "1.85"}, {"Brand Symbol": "YSHLF", "Brand Titles": "Yangzijiang Shipbuilding (Holdings) Ltd.", "price": "1.0700", "Change": 0.057, "Change Precentage": "+5.63%", "Volume": "24,000", "Average Volume": "14,301", "Market Cap": "4.414B", "Ratio": "7.13"}, {"Brand Symbol": "FSLR", "Brand Titles": "First Solar, Inc.", "price": "84.09", "Change": 4.44, "Change Precentage": "+5.57%", "Volume": "4.263M", "Average Volume": "1.77M", "Market Cap": "8.942B", "Ratio": "19.20"}, {"Brand Symbol": "NET", "Brand Titles": "Cloudflare, Inc.", "price": "126.28", "Change": 6.65, "Change Precentage": "+5.56%", "Volume": "6.885M", "Average Volume": "6.142M", "Market Cap": "41.869B", "Ratio": null}, {"Brand Symbol": "BILL", "Brand Titles": "Bill.com Holdings, Inc.", "price": "231.77", "Change": 12.2, "Change Precentage": "+5.56%", "Volume": "1.198M", "Average Volume": "2.448M", "Market Cap": "24.008B", "Ratio": null}, {"Brand Symbol": "CEG", "Brand Titles": "Constellation Energy Corporation", "price": "56.78", "Change": 2.98, "Change Precentage": "+5.54%", "Volume": "3.127M", "Average Volume": "3.388M", "Market Cap": "18.548B", "Ratio": null}, {"Brand Symbol": "CCL", "Brand Titles": "Carnival Corporation & plc", "price": "19.40", "Change": 1.01, "Change Precentage": "+5.49%", "Volume": "32.009M", "Average Volume": "39.196M", "Market Cap": "22.725B", "Ratio": null}, {"Brand Symbol": "AACAY", "Brand Titles": "AAC Technologies Holdings Inc.", "price": "2.4050", "Change": 0.125, "Change Precentage": "+5.48%", "Volume": "174,355", "Average Volume": "171,404", "Market Cap": "2.979B", "Ratio": "14.06"}, {"Brand Symbol": "FOJCY", "Brand Titles": "Fortum Oyj", "price": "3.7400", "Change": 0.19, "Change Precentage": "+5.35%", "Volume": "17,113", "Average Volume": "11,270", "Market Cap": "16.611B", "Ratio": "20.53"}, {"Brand Symbol": "HUN", "Brand Titles": "Huntsman Corporation", "price": "37.89", "Change": 1.91, "Change Precentage": "+5.31%", "Volume": "5.448M", "Average Volume": "2.663M", "Market Cap": "8.128B", "Ratio": "8.03"}, {"Brand Symbol": "ARZGY", "Brand Titles": "Assicurazioni Generali S.p.A.", "price": "11.20", "Change": 0.56, "Change Precentage": "+5.30%", "Volume": "156,215", "Average Volume": "47,054", "Market Cap": "35.45B", "Ratio": "11.43"}, {"Brand Symbol": "TTD", "Brand Titles": "The Trade Desk, Inc.", "price": "68.89", "Change": 3.44, "Change Precentage": "+5.26%", "Volume": "5.543M", "Average Volume": "6.826M", "Market Cap": "33.4B", "Ratio": "246.04"}, {"Brand Symbol": "TME", "Brand Titles": "Tencent Music Entertainment Group", "price": "5.22", "Change": 0.26, "Change Precentage": "+5.24%", "Volume": "15.051M", "Average Volume": "18.073M", "Market Cap": "8.835B", "Ratio": "18.51"}, {"Brand Symbol": "TSP", "Brand Titles": "TuSimple Holdings Inc.", "price": "12.32", "Change": 0.61, "Change Precentage": "+5.21%", "Volume": "2.131M", "Average Volume": "3.305M", "Market Cap": "2.737B", "Ratio": null}, {"Brand Symbol": "CUK", "Brand Titles": "Carnival Corporation & plc", "price": "17.71", "Change": 0.87, "Change Precentage": "+5.17%", "Volume": "2.543M", "Average Volume": "3.024M", "Market Cap": "20.751B", "Ratio": null}, {"Brand Symbol": "MELI", "Brand Titles": "MercadoLibre, Inc.", "price": "1,225.16", "Change": 58.83, "Change Precentage": "+5.04%", "Volume": "558,426", "Average Volume": "741,465", "Market Cap": "61.771B", "Ratio": "733.63"}, {"Brand Symbol": "SRAD", "Brand Titles": "Sportradar Group AG", "price": "15.52", "Change": 0.73, "Change Precentage": "+4.94%", "Volume": "135,606", "Average Volume": "368,057", "Market Cap": "4.591B", "Ratio": "0.38"}, {"Brand Symbol": "ELEZY", "Brand Titles": "Endesa, S.A.", "price": "10.50", "Change": 0.48, "Change Precentage": "+4.79%", "Volume": "36,259", "Average Volume": "34,985", "Market Cap": "22.495B", "Ratio": "14.08"}, {"Brand Symbol": "TCTZF", "Brand Titles": "Tencent Holdings Limited", "price": "47.82", "Change": 2.17, "Change Precentage": "+4.75%", "Volume": "16,627", "Average Volume": "66,390", "Market Cap": "459.658B", "Ratio": "13.17"}, {"Brand Symbol": "LNTH", "Brand Titles": "Lantheus Holdings, Inc.", "price": "52.25", "Change": 2.35, "Change Precentage": "+4.71%", "Volume": "937,092", "Average Volume": "925,670", "Market Cap": "3.632B", "Ratio": null}, {"Brand Symbol": "ETSY", "Brand Titles": "Etsy, Inc.", "price": "138.54", "Change": 6.22, "Change Precentage": "+4.70%", "Volume": "2.413M", "Average Volume": "3.82M", "Market Cap": "18.748B", "Ratio": "40.77"}, {"Brand Symbol": "TDOC", "Brand Titles": "Teladoc Health, Inc.", "price": "69.82", "Change": 3.11, "Change Precentage": "+4.66%", "Volume": "2.551M", "Average Volume": "4.697M", "Market Cap": "11.194B", "Ratio": null}, {"Brand Symbol": "INTU", "Brand Titles": "Intuit Inc.", "price": "480.50", "Change": 21.15, "Change Precentage": "+4.60%", "Volume": "2.085M", "Average Volume": "1.951M", "Market Cap": "135.891B", "Ratio": "61.80"}, {"Brand Symbol": "GSHD", "Brand Titles": "Goosehead Insurance, Inc", "price": "79.78", "Change": 3.51, "Change Precentage": "+4.60%", "Volume": "152,716", "Average Volume": "208,347", "Market Cap": "2.962B", "Ratio": "306.85"}, {"Brand Symbol": "NTOIY", "Brand Titles": "Neste Oyj", "price": "20.77", "Change": 0.9, "Change Precentage": "+4.53%", "Volume": "60,372", "Average Volume": "78,429", "Market Cap": "31.901B", "Ratio": "16.44"}, {"Brand Symbol": "RKT", "Brand Titles": "Rocket Companies, Inc.", "price": "10.87", "Change": 0.47, "Change Precentage": "+4.52%", "Volume": "5.846M", "Average Volume": "5.681M", "Market Cap": "21.602B", "Ratio": "4.68"}, {"Brand Symbol": "TCOM", "Brand Titles": "Trip.com Group Limited", "price": "23.45", "Change": 1.01, "Change Precentage": "+4.50%", "Volume": "6.005M", "Average Volume": "7.33M", "Market Cap": "17.505B", "Ratio": null}, {"Brand Symbol": "UWMC", "Brand Titles": "UWM Holdings Corporation", "price": "4.4400", "Change": 0.19, "Change Precentage": "+4.47%", "Volume": "2.443M", "Average Volume": "2.933M", "Market Cap": "7.127B", "Ratio": "6.69"}, {"Brand Symbol": "W", "Brand Titles": "Wayfair Inc.", "price": "119.85", "Change": 5.07, "Change Precentage": "+4.42%", "Volume": "1.263M", "Average Volume": "2.094M", "Market Cap": "13.318B", "Ratio": null}, {"Brand Symbol": "RH", "Brand Titles": "RH", "price": "367.50", "Change": 15.54, "Change Precentage": "+4.42%", "Volume": "823,319", "Average Volume": "579,472", "Market Cap": "7.89B", "Ratio": "17.05"}, {"Brand Symbol": "U", "Brand Titles": "Unity Software Inc.", "price": "98.11", "Change": 4.13, "Change Precentage": "+4.39%", "Volume": "2.263M", "Average Volume": "4.411M", "Market Cap": "28.854B", "Ratio": null}, {"Brand Symbol": "ESOCF", "Brand Titles": "Enel SpA", "price": "6.63", "Change": 0.28, "Change Precentage": "+4.37%", "Volume": "15,414", "Average Volume": "54,937", "Market Cap": "67.398B", "Ratio": "19.51"}, {"Brand Symbol": "MRNA", "Brand Titles": "Moderna, Inc.", "price": "173.08", "Change": 7.16, "Change Precentage": "+4.32%", "Volume": "6.437M", "Average Volume": "8.552M", "Market Cap": "69.755B", "Ratio": "6.12"}, {"Brand Symbol": "ADBE", "Brand Titles": "Adobe Inc.", "price": "450.01", "Change": 18.39, "Change Precentage": "+4.26%", "Volume": "4.473M", "Average Volume": "3.998M", "Market Cap": "212.563B", "Ratio": "44.70"}, {"Brand Symbol": "TAL", "Brand Titles": "TAL Education Group", "price": "3.1900", "Change": 0.13, "Change Precentage": "+4.25%", "Volume": "7.369M", "Average Volume": "11.878M", "Market Cap": "2.232B", "Ratio": null}, {"Brand Symbol": "GRAB", "Brand Titles": "Grab Holdings Limited", "price": "3.4400", "Change": 0.14, "Change Precentage": "+4.24%", "Volume": "15.364M", "Average Volume": "26.277M", "Market Cap": "12.869B", "Ratio": null}, {"Brand Symbol": "UPST", "Brand Titles": "Upstart Holdings, Inc.", "price": "108.16", "Change": 4.39, "Change Precentage": "+4.23%", "Volume": "10.206M", "Average Volume": "10.7M", "Market Cap": "9.092B", "Ratio": "75.64"}, {"Brand Symbol": "SNPS", "Brand Titles": "Synopsys, Inc.", "price": "332.38", "Change": 13.47, "Change Precentage": "+4.22%", "Volume": "974,805", "Average Volume": "971,845", "Market Cap": "50.887B", "Ratio": "57.60"}, {"Brand Symbol": "DOCU", "Brand Titles": "DocuSign, Inc.", "price": "104.67", "Change": 4.22, "Change Precentage": "+4.20%", "Volume": "4.906M", "Average Volume": "5.78M", "Market Cap": "20.816B", "Ratio": null}, {"Brand Symbol": "SAIC", "Brand Titles": "Science Applications International Corporation", "price": "95.49", "Change": 3.83, "Change Precentage": "+4.18%", "Volume": "948,241", "Average Volume": "439,511", "Market Cap": "5.437B", "Ratio": "18.88"}, {"Brand Symbol": "FDS", "Brand Titles": "FactSet Research Systems Inc.", "price": "431.34", "Change": 17.16, "Change Precentage": "+4.14%", "Volume": "394,219", "Average Volume": "292,978", "Market Cap": "16.303B", "Ratio": "39.68"}, {"Brand Symbol": "WK", "Brand Titles": "Workiva Inc.", "price": "114.26", "Change": 4.52, "Change Precentage": "+4.12%", "Volume": "413,896", "Average Volume": "422,916", "Market Cap": "6.06B", "Ratio": null}, {"Brand Symbol": "AUR", "Brand Titles": "Aurora Innovation, Inc.", "price": "5.33", "Change": 0.21, "Change Precentage": "+4.10%", "Volume": "1.796M", "Average Volume": "2.417M", "Market Cap": "5.991B", "Ratio": null}, {"Brand Symbol": "SUTNY", "Brand Titles": "Sumitomo Mitsui Trust Holdings, Inc.", "price": "3.5600", "Change": 0.14, "Change Precentage": "+4.09%", "Volume": "631,484", "Average Volume": "101,626", "Market Cap": "13.335B", "Ratio": "10.36"}, {"Brand Symbol": "RNW", "Brand Titles": "ReNew Energy Global plc", "price": "7.99", "Change": 0.31, "Change Precentage": "+4.04%", "Volume": "748,005", "Average Volume": "1.111M", "Market Cap": "3.202B", "Ratio": null}, {"Brand Symbol": "GDS", "Brand Titles": "GDS Holdings Limited", "price": "39.53", "Change": 1.53, "Change Precentage": "+4.03%", "Volume": "1.769M", "Average Volume": "2.107M", "Market Cap": "7.533B", "Ratio": null}, {"Brand Symbol": "DADA", "Brand Titles": "Dada Nexus Limited", "price": "9.57", "Change": 0.37, "Change Precentage": "+4.02%", "Volume": "2.271M", "Average Volume": "1.569M", "Market Cap": "2.22B", "Ratio": null}, {"Brand Symbol": "BSY", "Brand Titles": "Bentley Systems, Incorporated", "price": "43.51", "Change": 1.66, "Change Precentage": "+3.97%", "Volume": "1.047M", "Average Volume": "975,185", "Market Cap": "12.352B", "Ratio": "145.03"}, {"Brand Symbol": "GFL", "Brand Titles": "GFL Environmental Inc.", "price": "32.20", "Change": 1.22, "Change Precentage": "+3.94%", "Volume": "1.668M", "Average Volume": "1.462M", "Market Cap": "10.893B", "Ratio": null}, {"Brand Symbol": "CMRE", "Brand Titles": "Costamare Inc.", "price": "17.69", "Change": 0.67, "Change Precentage": "+3.94%", "Volume": "1.807M", "Average Volume": "869,565", "Market Cap": "2.186B", "Ratio": "5.39"}, {"Brand Symbol": "RLAY", "Brand Titles": "Relay Therapeutics, Inc.", "price": "29.84", "Change": 1.13, "Change Precentage": "+3.94%", "Volume": "279,477", "Average Volume": "614,668", "Market Cap": "3.231B", "Ratio": null}, {"Brand Symbol": "MTTR", "Brand Titles": "Matterport, Inc.", "price": "7.96", "Change": 0.3, "Change Precentage": "+3.92%", "Volume": "5.23M", "Average Volume": "11.819M", "Market Cap": "2.235B", "Ratio": null}, {"Brand Symbol": "APPN", "Brand Titles": "Appian Corporation", "price": "62.73", "Change": 2.36, "Change Precentage": "+3.91%", "Volume": "285,021", "Average Volume": "591,454", "Market Cap": "4.531B", "Ratio": null}, {"Brand Symbol": "FSLY", "Brand Titles": "Fastly, Inc.", "price": "17.33", "Change": 0.65, "Change Precentage": "+3.90%", "Volume": "3.204M", "Average Volume": "5.107M", "Market Cap": "2.2B", "Ratio": null}]