[{"Brand Symbol": "TXG", "Brand Titles": "10x Genomics, Inc.", "price": 70.41, "Change": 2.62, "Change Precentage": "+3.86%", "Volume": "584,838", "Average Volume": "1.252M", "Market Cap": "7.945B", "Ratio": null}, {"Brand Symbol": "AMKBY", "Brand Titles": "A.P. M\u00f8ller - M\u00e6rsk A/S", "price": 15.77, "Change": 0.59, "Change Precentage": "+3.85%", "Volume": "112,489", "Average Volume": "217,818", "Market Cap": "58.493B", "Ratio": "3.36"}, {"Brand Symbol": "LFST", "Brand Titles": "LifeStance Health Group, Inc.", "price": 9.99, "Change": 0.37, "Change Precentage": "+3.85%", "Volume": "359,608", "Average Volume": "995,901", "Market Cap": "3.739B", "Ratio": null}, {"Brand Symbol": "FLYW", "Brand Titles": "Flywire Corporation", "price": 28.99, "Change": 1.07, "Change Precentage": "+3.83%", "Volume": "544,603", "Average Volume": "733,250", "Market Cap": "3.086B", "Ratio": null}, {"Brand Symbol": "TWLO", "Brand Titles": "Twilio Inc.", "price": 160.74, "Change": 5.92, "Change Precentage": "+3.82%", "Volume": "1.927M", "Average Volume": "3.893M", "Market Cap": "29.178B", "Ratio": null}, {"Brand Symbol": "AHCHY", "Brand Titles": "Anhui Conch Cement Company Limited", "price": 24.74, "Change": 0.91, "Change Precentage": "+3.82%", "Volume": "22,314", "Average Volume": "27,554", "Market Cap": "30.106B", "Ratio": "5.02"}, {"Brand Symbol": "TCEHY", "Brand Titles": "Tencent Holdings Limited", "price": 47.42, "Change": 1.74, "Change Precentage": "+3.81%", "Volume": "5.175M", "Average Volume": "5.354M", "Market Cap": "455.813B", "Ratio": "13.06"}, {"Brand Symbol": "BB", "Brand Titles": "BlackBerry Limited", "price": 7.67, "Change": 0.28, "Change Precentage": "+3.79%", "Volume": "15.027M", "Average Volume": "8.129M", "Market Cap": "4.4B", "Ratio": null}, {"Brand Symbol": "PINS", "Brand Titles": "Pinterest, Inc.", "price": 26.45, "Change": 0.96, "Change Precentage": "+3.77%", "Volume": "8.129M", "Average Volume": "13.263M", "Market Cap": "17.408B", "Ratio": "57.50"}, {"Brand Symbol": "ROKU", "Brand Titles": "Roku, Inc.", "price": 128.36, "Change": 4.61, "Change Precentage": "+3.73%", "Volume": "4.253M", "Average Volume": "7.658M", "Market Cap": "17.367B", "Ratio": "75.06"}, {"Brand Symbol": "NOW", "Brand Titles": "ServiceNow, Inc.", "price": 582.76, "Change": 20.89, "Change Precentage": "+3.72%", "Volume": "1.26M", "Average Volume": "1.812M", "Market Cap": "116.552B", "Ratio": "515.72"}, {"Brand Symbol": "NARI", "Brand Titles": "Inari Medical, Inc.", "price": 90.25, "Change": 3.23, "Change Precentage": "+3.71%", "Volume": "484,411", "Average Volume": "518,563", "Market Cap": "4.749B", "Ratio": "501.39"}, {"Brand Symbol": "DELHY", "Brand Titles": "Delivery Hero SE", "price": 4.23, "Change": 0.15, "Change Precentage": "+3.68%", "Volume": "110,765", "Average Volume": "115,076", "Market Cap": "10.617B", "Ratio": null}, {"Brand Symbol": "BILI", "Brand Titles": "Bilibili Inc.", "price": 28.54, "Change": 1.01, "Change Precentage": "+3.67%", "Volume": "10.833M", "Average Volume": "9.31M", "Market Cap": "10.928B", "Ratio": null}, {"Brand Symbol": "MDB", "Brand Titles": "MongoDB, Inc.", "price": 420.92, "Change": 14.88, "Change Precentage": "+3.66%", "Volume": "896,605", "Average Volume": "1.346M", "Market Cap": "28.44B", "Ratio": null}, {"Brand Symbol": "ZETA", "Brand Titles": "Zeta Global Holdings Corp.", "price": 11.32, "Change": 0.4, "Change Precentage": "+3.66%", "Volume": "521,287", "Average Volume": "792,673", "Market Cap": "2.255B", "Ratio": null}, {"Brand Symbol": "REMYY", "Brand Titles": "R\u00e9my Cointreau SA", "price": 20.14, "Change": 0.71, "Change Precentage": "+3.65%", "Volume": "38,738", "Average Volume": "33,136", "Market Cap": "10.212B", "Ratio": "44.66"}, {"Brand Symbol": "TWST", "Brand Titles": "Twist Bioscience Corporation", "price": 47.05, "Change": 1.64, "Change Precentage": "+3.61%", "Volume": "605,290", "Average Volume": "931,190", "Market Cap": "2.64B", "Ratio": null}, {"Brand Symbol": "CELH", "Brand Titles": "Celsius Holdings, Inc.", "price": 57.63, "Change": 2.0, "Change Precentage": "+3.60%", "Volume": "544,241", "Average Volume": "1.048M", "Market Cap": "4.342B", "Ratio": "1,152.60"}, {"Brand Symbol": "MSCI", "Brand Titles": "MSCI Inc.", "price": 507.81, "Change": 17.5, "Change Precentage": "+3.57%", "Volume": "916,441", "Average Volume": "619,636", "Market Cap": "41.269B", "Ratio": "58.37"}, {"Brand Symbol": "ZIP", "Brand Titles": "ZipRecruiter, Inc.", "price": 23.57, "Change": 0.81, "Change Precentage": "+3.56%", "Volume": "432,866", "Average Volume": "669,162", "Market Cap": "2.801B", "Ratio": "1,386.47"}, {"Brand Symbol": "GPS", "Brand Titles": "The Gap, Inc.", "price": 14.71, "Change": 0.5, "Change Precentage": "+3.52%", "Volume": "6.511M", "Average Volume": "10.483M", "Market Cap": "5.457B", "Ratio": "21.96"}, {"Brand Symbol": "SKM", "Brand Titles": "SK Telecom Co.,Ltd", "price": 26.82, "Change": 0.91, "Change Precentage": "+3.51%", "Volume": "575,532", "Average Volume": "354,504", "Market Cap": "10.535B", "Ratio": "5.00"}, {"Brand Symbol": "HCP", "Brand Titles": "HashiCorp, Inc.", "price": 53.1, "Change": 1.8, "Change Precentage": "+3.51%", "Volume": "891,694", "Average Volume": "974,162", "Market Cap": "9.673B", "Ratio": null}, {"Brand Symbol": "SPCE", "Brand Titles": "Virgin Galactic Holdings, Inc.", "price": 9.76, "Change": 0.33, "Change Precentage": "+3.50%", "Volume": "9.541M", "Average Volume": "21.5M", "Market Cap": "2.601B", "Ratio": null}, {"Brand Symbol": "PLTR", "Brand Titles": "Palantir Technologies Inc.", "price": 13.42, "Change": 0.45, "Change Precentage": "+3.47%", "Volume": "26.849M", "Average Volume": "54.522M", "Market Cap": "27.244B", "Ratio": null}, {"Brand Symbol": "OPEN", "Brand Titles": "Opendoor Technologies Inc.", "price": 8.95, "Change": 0.3, "Change Precentage": "+3.47%", "Volume": "13.462M", "Average Volume": "16.833M", "Market Cap": "5.55B", "Ratio": null}, {"Brand Symbol": "FRPT", "Brand Titles": "Freshpet, Inc.", "price": 99.11, "Change": 3.3, "Change Precentage": "+3.44%", "Volume": "406,850", "Average Volume": "518,649", "Market Cap": "4.306B", "Ratio": null}, {"Brand Symbol": "NTLA", "Brand Titles": "Intellia Therapeutics, Inc.", "price": 73.08, "Change": 2.43, "Change Precentage": "+3.44%", "Volume": "641,946", "Average Volume": "1.172M", "Market Cap": "5.457B", "Ratio": null}, {"Brand Symbol": "NCLH", "Brand Titles": "Norwegian Cruise Line Holdings Ltd.", "price": 20.54, "Change": 0.68, "Change Precentage": "+3.42%", "Volume": "18.492M", "Average Volume": "23.308M", "Market Cap": "8.567B", "Ratio": null}, {"Brand Symbol": "COMP", "Brand Titles": "Compass, Inc.", "price": 7.87, "Change": 0.26, "Change Precentage": "+3.42%", "Volume": "1.924M", "Average Volume": "2.615M", "Market Cap": "3.221B", "Ratio": null}, {"Brand Symbol": "CAKE", "Brand Titles": "The Cheesecake Factory Incorporated", "price": 38.83, "Change": 1.28, "Change Precentage": "+3.41%", "Volume": "943,961", "Average Volume": "945,742", "Market Cap": "2.048B", "Ratio": "38.26"}, {"Brand Symbol": "ICL", "Brand Titles": "ICL Group Ltd", "price": 12.44, "Change": 0.41, "Change Precentage": "+3.41%", "Volume": "3.771M", "Average Volume": "774,091", "Market Cap": "16.012B", "Ratio": "20.73"}, {"Brand Symbol": "SGHC", "Brand Titles": "Super Group (SGHC) Limited", "price": 10.35, "Change": 0.34, "Change Precentage": "+3.40%", "Volume": "211,299", "Average Volume": "531,113", "Market Cap": "5.006B", "Ratio": "2.59"}, {"Brand Symbol": "HOOD", "Brand Titles": "Robinhood Markets, Inc.", "price": 12.81, "Change": 0.42, "Change Precentage": "+3.39%", "Volume": "12.38M", "Average Volume": "22.484M", "Market Cap": "10.705B", "Ratio": null}, {"Brand Symbol": "ANGGF", "Brand Titles": "Angang Steel Company Limited", "price": 0.49, "Change": 0.016, "Change Precentage": "+3.38%", "Volume": "54,225", "Average Volume": "1,083", "Market Cap": "5.244B", "Ratio": "3.77"}, {"Brand Symbol": "ECIFY", "Brand Titles": "Electricit\u00e9 de France S.A.", "price": 2.15, "Change": 0.07, "Change Precentage": "+3.37%", "Volume": "332,681", "Average Volume": "206,300", "Market Cap": "36.403B", "Ratio": "7.18"}, {"Brand Symbol": "LULU", "Brand Titles": "Lululemon Athletica Inc.", "price": 331.78, "Change": 10.64, "Change Precentage": "+3.31%", "Volume": "2.255M", "Average Volume": "1.369M", "Market Cap": "42.443B", "Ratio": "49.81"}, {"Brand Symbol": "ZS", "Brand Titles": "Zscaler, Inc.", "price": 237.93, "Change": 7.61, "Change Precentage": "+3.30%", "Volume": "2.227M", "Average Volume": "2.882M", "Market Cap": "34.366B", "Ratio": null}, {"Brand Symbol": "CNK", "Brand Titles": "Cinemark Holdings, Inc.", "price": 17.63, "Change": 0.56, "Change Precentage": "+3.28%", "Volume": "2.291M", "Average Volume": "2.815M", "Market Cap": "2.111B", "Ratio": null}, {"Brand Symbol": "BNTX", "Brand Titles": "BioNTech SE", "price": 166.35, "Change": 5.25, "Change Precentage": "+3.26%", "Volume": "1.458M", "Average Volume": "2.128M", "Market Cap": "40.343B", "Ratio": "5.43"}, {"Brand Symbol": "CORZ", "Brand Titles": "Core Scientific, Inc.", "price": 8.88, "Change": 0.28, "Change Precentage": "+3.26%", "Volume": "2.396M", "Average Volume": "2.337M", "Market Cap": "2.817B", "Ratio": null}, {"Brand Symbol": "SHOP", "Brand Titles": "Shopify Inc.", "price": 701.6, "Change": 22.07, "Change Precentage": "+3.25%", "Volume": "2.414M", "Average Volume": "2.822M", "Market Cap": "91.36B", "Ratio": "30.63"}, {"Brand Symbol": "WOLF", "Brand Titles": "Wolfspeed, Inc.", "price": 116.36, "Change": 3.66, "Change Precentage": "+3.25%", "Volume": "1.466M", "Average Volume": "1.87M", "Market Cap": "14.379B", "Ratio": null}, {"Brand Symbol": "PACB", "Brand Titles": "Pacific Biosciences of California, Inc.", "price": 9.54, "Change": 0.3, "Change Precentage": "+3.25%", "Volume": "4.768M", "Average Volume": "5.222M", "Market Cap": "2.11B", "Ratio": null}, {"Brand Symbol": "VCYT", "Brand Titles": "Veracyte, Inc.", "price": 27.83, "Change": 0.87, "Change Precentage": "+3.23%", "Volume": "562,378", "Average Volume": "835,470", "Market Cap": "1.982B", "Ratio": null}, {"Brand Symbol": "GMED", "Brand Titles": "Globus Medical, Inc.", "price": 73.27, "Change": 2.28, "Change Precentage": "+3.21%", "Volume": "745,145", "Average Volume": "552,245", "Market Cap": "7.44B", "Ratio": "50.88"}, {"Brand Symbol": "AMN", "Brand Titles": "AMN Healthcare Services, Inc.", "price": 105.51, "Change": 3.26, "Change Precentage": "+3.19%", "Volume": "485,254", "Average Volume": "659,455", "Market Cap": "4.85B", "Ratio": "15.49"}, {"Brand Symbol": "LIVN", "Brand Titles": "LivaNova PLC", "price": 80.74, "Change": 2.48, "Change Precentage": "+3.17%", "Volume": "280,801", "Average Volume": "318,837", "Market Cap": "4.301B", "Ratio": null}, {"Brand Symbol": "ASAN", "Brand Titles": "Asana, Inc.", "price": 39.1, "Change": 1.2, "Change Precentage": "+3.17%", "Volume": "3.812M", "Average Volume": "5.233M", "Market Cap": "7.496B", "Ratio": null}, {"Brand Symbol": "EPAM", "Brand Titles": "EPAM Systems, Inc.", "price": 275.19, "Change": 8.44, "Change Precentage": "+3.16%", "Volume": "1.054M", "Average Volume": "1.381M", "Market Cap": "15.652B", "Ratio": "33.77"}, {"Brand Symbol": "GDRX", "Brand Titles": "GoodRx Holdings, Inc.", "price": 17.67, "Change": 0.54, "Change Precentage": "+3.15%", "Volume": "946,667", "Average Volume": "2.848M", "Market Cap": "7.083B", "Ratio": null}, {"Brand Symbol": "EDPFY", "Brand Titles": "EDP - Energias de Portugal, S.A.", "price": 48.64, "Change": 1.48, "Change Precentage": "+3.14%", "Volume": "51,263", "Average Volume": "42,700", "Market Cap": "19.196B", "Ratio": "26.58"}, {"Brand Symbol": "ALBBY", "Brand Titles": "Alibaba Health Information Technology Limited", "price": 12.31, "Change": 0.37, "Change Precentage": "+3.10%", "Volume": "184,399", "Average Volume": "2,982", "Market Cap": "8.32B", "Ratio": null}, {"Brand Symbol": "JTKWY", "Brand Titles": "Just Eat Takeaway.com N.V.", "price": 6.99, "Change": 0.21, "Change Precentage": "+3.10%", "Volume": "809,849", "Average Volume": "2.477M", "Market Cap": "7.513B", "Ratio": null}, {"Brand Symbol": "IRTC", "Brand Titles": "iRhythm Technologies, Inc.", "price": 148.27, "Change": 4.45, "Change Precentage": "+3.09%", "Volume": "426,199", "Average Volume": "390,645", "Market Cap": "4.376B", "Ratio": null}, {"Brand Symbol": "ZM", "Brand Titles": "Zoom Video Communications, Inc.", "price": 117.45, "Change": 3.52, "Change Precentage": "+3.09%", "Volume": "3.213M", "Average Volume": "4.815M", "Market Cap": "35.132B", "Ratio": "26.12"}, {"Brand Symbol": "CZOO", "Brand Titles": "Cazoo Group Ltd", "price": 2.7, "Change": 0.08, "Change Precentage": "+3.05%", "Volume": "1.085M", "Average Volume": "1.592M", "Market Cap": "2.051B", "Ratio": null}, {"Brand Symbol": "ANSS", "Brand Titles": "ANSYS, Inc.", "price": 318.4, "Change": 9.43, "Change Precentage": "+3.05%", "Volume": "368,342", "Average Volume": "567,455", "Market Cap": "27.774B", "Ratio": "61.71"}, {"Brand Symbol": "CABGY", "Brand Titles": "Carlsberg A/S", "price": 23.98, "Change": 0.71, "Change Precentage": "+3.05%", "Volume": "316,570", "Average Volume": "276,903", "Market Cap": "17.497B", "Ratio": "17.14"}, {"Brand Symbol": "DSDVY", "Brand Titles": "DSV A/S", "price": 98.91, "Change": 2.91, "Change Precentage": "+3.03%", "Volume": "29,740", "Average Volume": "85,024", "Market Cap": "45.919B", "Ratio": "27.81"}, {"Brand Symbol": "TREX", "Brand Titles": "Trex Company, Inc.", "price": 71.05, "Change": 2.09, "Change Precentage": "+3.03%", "Volume": "1.567M", "Average Volume": "1.294M", "Market Cap": "8.125B", "Ratio": "39.47"}, {"Brand Symbol": "TRUP", "Brand Titles": "Trupanion, Inc.", "price": 91.71, "Change": 2.69, "Change Precentage": "+3.02%", "Volume": "268,385", "Average Volume": "446,577", "Market Cap": "3.715B", "Ratio": null}, {"Brand Symbol": "COUP", "Brand Titles": "Coupa Software Incorporated", "price": 102.89, "Change": 3.0, "Change Precentage": "+3.00%", "Volume": "1.227M", "Average Volume": "2.563M", "Market Cap": "8.109B", "Ratio": null}]