[{"Brand Symbol": "TPL", "Brand Titles": "Texas Pacific Land Corporation", "price": "1,401.90", "Change": -52.6, "Change Precentage": "-3.62%", "Volume": "24,463", "Average Volume": "31,434", "Market Cap": "10.858B", "Ratio": "40.25"}, {"Brand Symbol": "CHX", "Brand Titles": "ChampionX Corporation", "price": "23.99", "Change": -0.9, "Change Precentage": "-3.62%", "Volume": "975,389", "Average Volume": "1.939M", "Market Cap": "4.868B", "Ratio": "44.43"}, {"Brand Symbol": "BP", "Brand Titles": "BP p.l.c.", "price": "29.93", "Change": -1.12, "Change Precentage": "-3.61%", "Volume": "14.862M", "Average Volume": "17.62M", "Market Cap": "100.65B", "Ratio": "13.37"}, {"Brand Symbol": "CLR", "Brand Titles": "Continental Resources, Inc.", "price": "62.84", "Change": -2.35, "Change Precentage": "-3.60%", "Volume": "1.387M", "Average Volume": "2.173M", "Market Cap": "22.892B", "Ratio": "13.78"}, {"Brand Symbol": "MUFG", "Brand Titles": "Mitsubishi UFJ Financial Group, Inc.", "price": "6.42", "Change": -0.24, "Change Precentage": "-3.60%", "Volume": "2.164M", "Average Volume": "2.742M", "Market Cap": "81.543B", "Ratio": "6.41"}, {"Brand Symbol": "WIRE", "Brand Titles": "Encore Wire Corporation", "price": "118.71", "Change": -4.42, "Change Precentage": "-3.59%", "Volume": "322,393", "Average Volume": "258,222", "Market Cap": "2.342B", "Ratio": "4.53"}, {"Brand Symbol": "DCP", "Brand Titles": "DCP Midstream, LP", "price": "33.33", "Change": -1.22, "Change Precentage": "-3.53%", "Volume": "442,274", "Average Volume": "680,337", "Market Cap": "6.945B", "Ratio": "20.96"}, {"Brand Symbol": "OXY", "Brand Titles": "Occidental Petroleum Corporation", "price": "56.64", "Change": -2.07, "Change Precentage": "-3.53%", "Volume": "24.469M", "Average Volume": "32.552M", "Market Cap": "52.905B", "Ratio": "36.03"}, {"Brand Symbol": "ENLC", "Brand Titles": "EnLink Midstream, LLC", "price": "9.58", "Change": -0.35, "Change Precentage": "-3.52%", "Volume": "1.652M", "Average Volume": "2.991M", "Market Cap": "4.637B", "Ratio": "212.89"}, {"Brand Symbol": "IOSP", "Brand Titles": "Innospec Inc.", "price": "94.65", "Change": -3.42, "Change Precentage": "-3.49%", "Volume": "50,448", "Average Volume": "87,465", "Market Cap": "2.366B", "Ratio": "25.24"}, {"Brand Symbol": "PBR", "Brand Titles": "Petr\u00f3leo Brasileiro S.A. - Petrobras", "price": "14.18", "Change": -0.51, "Change Precentage": "-3.47%", "Volume": "34.627M", "Average Volume": "35.059M", "Market Cap": "92.486B", "Ratio": "4.19"}, {"Brand Symbol": "GLPEY", "Brand Titles": "Galp Energia, SGPS, S.A.", "price": "6.15", "Change": -0.22, "Change Precentage": "-3.45%", "Volume": "44,478", "Average Volume": "90,993", "Market Cap": "10.2B", "Ratio": "2,460.00"}, {"Brand Symbol": "SWAV", "Brand Titles": "ShockWave Medical, Inc.", "price": "186.12", "Change": -6.63, "Change Precentage": "-3.44%", "Volume": "434,061", "Average Volume": "432,027", "Market Cap": "6.636B", "Ratio": null}, {"Brand Symbol": "ADYEY", "Brand Titles": "Adyen N.V.", "price": "19.71", "Change": -0.7, "Change Precentage": "-3.43%", "Volume": "432,930", "Average Volume": "853,962", "Market Cap": "61.016B", "Ratio": "116.94"}, {"Brand Symbol": "SRUUF", "Brand Titles": "Sprott Physical Uranium Trust Fund", "price": "14.40", "Change": -0.51, "Change Precentage": "-3.42%", "Volume": "441,015", "Average Volume": "580,086", "Market Cap": "2.354B", "Ratio": null}, {"Brand Symbol": "SHZHY", "Brand Titles": "Shenzhou International Group Holdings Limited", "price": "13.61", "Change": -0.48, "Change Precentage": "-3.41%", "Volume": "166,103", "Average Volume": "212,893", "Market Cap": "21.213B", "Ratio": "27.06"}, {"Brand Symbol": "YMM", "Brand Titles": "Full Truck Alliance Co. Ltd.", "price": "7.15", "Change": -0.25, "Change Precentage": "-3.38%", "Volume": "4.117M", "Average Volume": "7.955M", "Market Cap": "7.764B", "Ratio": null}, {"Brand Symbol": "LOB", "Brand Titles": "Live Oak Bancshares, Inc.", "price": "52.51", "Change": -1.82, "Change Precentage": "-3.35%", "Volume": "310,960", "Average Volume": "412,627", "Market Cap": "2.309B", "Ratio": "14.15"}, {"Brand Symbol": "SPGYF", "Brand Titles": "Whitecap Resources Inc.", "price": "8.40", "Change": -0.29, "Change Precentage": "-3.33%", "Volume": "56,330", "Average Volume": "90,390", "Market Cap": "5.185B", "Ratio": "3.57"}, {"Brand Symbol": "SHAK", "Brand Titles": "Shake Shack Inc.", "price": "67.09", "Change": -2.3, "Change Precentage": "-3.31%", "Volume": "821,896", "Average Volume": "961,921", "Market Cap": "3.018B", "Ratio": null}, {"Brand Symbol": "PRMRF", "Brand Titles": "Paramount Resources Ltd.", "price": "24.73", "Change": -0.85, "Change Precentage": "-3.30%", "Volume": "21,109", "Average Volume": "19,137", "Market Cap": "3.455B", "Ratio": "18.46"}, {"Brand Symbol": "DORM", "Brand Titles": "Dorman Products, Inc.", "price": "91.02", "Change": -3.1, "Change Precentage": "-3.29%", "Volume": "99,395", "Average Volume": "111,313", "Market Cap": "2.871B", "Ratio": "22.09"}, {"Brand Symbol": "CEF", "Brand Titles": "Sprott Physical Gold and Silver Trust", "price": "19.13", "Change": -0.65, "Change Precentage": "-3.29%", "Volume": "858,660", "Average Volume": "759,550", "Market Cap": "4.223B", "Ratio": null}, {"Brand Symbol": "DVN", "Brand Titles": "Devon Energy Corporation", "price": "60.45", "Change": -2.05, "Change Precentage": "-3.28%", "Volume": "8.827M", "Average Volume": "14.044M", "Market Cap": "40.151B", "Ratio": "14.43"}, {"Brand Symbol": "LHX", "Brand Titles": "L3Harris Technologies, Inc.", "price": "249.45", "Change": -8.4, "Change Precentage": "-3.26%", "Volume": "1.197M", "Average Volume": "1.679M", "Market Cap": "48.16B", "Ratio": "27.46"}, {"Brand Symbol": "PBR-A", "Brand Titles": "Petr\u00f3leo Brasileiro S.A. - Petrobras", "price": "13.10", "Change": -0.44, "Change Precentage": "-3.25%", "Volume": "16.228M", "Average Volume": "14.192M", "Market Cap": "73.386B", "Ratio": "3.87"}, {"Brand Symbol": "RTLR", "Brand Titles": "Rattler Midstream LP", "price": "14.00", "Change": -0.47, "Change Precentage": "-3.25%", "Volume": "249,862", "Average Volume": "343,878", "Market Cap": "2.043B", "Ratio": "16.28"}, {"Brand Symbol": "ABLZF", "Brand Titles": "ABB Ltd", "price": "32.35", "Change": -1.08, "Change Precentage": "-3.23%", "Volume": "201,971", "Average Volume": "32,926", "Market Cap": "63.922B", "Ratio": "14.38"}, {"Brand Symbol": "MGY", "Brand Titles": "Magnolia Oil & Gas Corporation", "price": "24.62", "Change": -0.82, "Change Precentage": "-3.22%", "Volume": "1.469M", "Average Volume": "1.945M", "Market Cap": "7.512B", "Ratio": "10.41"}, {"Brand Symbol": "BTG", "Brand Titles": "B2Gold Corp.", "price": "4.5300", "Change": -0.15, "Change Precentage": "-3.21%", "Volume": "10.269M", "Average Volume": "11.563M", "Market Cap": "4.797B", "Ratio": "11.35"}, {"Brand Symbol": "FCX", "Brand Titles": "Freeport-McMoRan Inc.", "price": "50.27", "Change": -1.66, "Change Precentage": "-3.20%", "Volume": "13.647M", "Average Volume": "19.659M", "Market Cap": "73.132B", "Ratio": "17.33"}, {"Brand Symbol": "AM", "Brand Titles": "Antero Midstream Corporation", "price": "11.13", "Change": -0.36, "Change Precentage": "-3.13%", "Volume": "2.714M", "Average Volume": "3.881M", "Market Cap": "5.317B", "Ratio": "16.13"}, {"Brand Symbol": "HP", "Brand Titles": "Helmerich & Payne, Inc.", "price": "42.89", "Change": -1.37, "Change Precentage": "-3.10%", "Volume": "932,297", "Average Volume": "1.601M", "Market Cap": "4.509B", "Ratio": null}, {"Brand Symbol": "KNBE", "Brand Titles": "KnowBe4, Inc.", "price": "22.88", "Change": -0.73, "Change Precentage": "-3.09%", "Volume": "494,163", "Average Volume": "1.01M", "Market Cap": "6.329B", "Ratio": null}, {"Brand Symbol": "YARIY", "Brand Titles": "Yara International ASA", "price": "25.30", "Change": -0.81, "Change Precentage": "-3.08%", "Volume": "21,234", "Average Volume": "27,331", "Market Cap": "12.887B", "Ratio": "28.93"}, {"Brand Symbol": "DEN", "Brand Titles": "Denbury Inc.", "price": "81.42", "Change": -2.59, "Change Precentage": "-3.08%", "Volume": "597,401", "Average Volume": "585,245", "Market Cap": "4.087B", "Ratio": "78.29"}, {"Brand Symbol": "RLLCF", "Brand Titles": "Rolls-Royce Holdings plc", "price": "0.0095", "Change": -0.0003, "Change Precentage": "-3.06%", "Volume": "3.554M", "Average Volume": "3.68M", "Market Cap": "207.107B", "Ratio": "0.50"}, {"Brand Symbol": "SHECY", "Brand Titles": "Shin-Etsu Chemical Co., Ltd.", "price": "38.18", "Change": -1.19, "Change Precentage": "-3.02%", "Volume": "102,329", "Average Volume": "113,916", "Market Cap": "63.435B", "Ratio": "17.92"}, {"Brand Symbol": "DKILY", "Brand Titles": "Daikin Industries,Ltd.", "price": "18.38", "Change": -0.57, "Change Precentage": "-3.01%", "Volume": "263,036", "Average Volume": "206,385", "Market Cap": "53.788B", "Ratio": "31.92"}, {"Brand Symbol": "AUY", "Brand Titles": "Yamana Gold Inc.", "price": "5.50", "Change": -0.17, "Change Precentage": "-3.00%", "Volume": "12.876M", "Average Volume": "18.924M", "Market Cap": "5.279B", "Ratio": "36.67"}, {"Brand Symbol": "KMT", "Brand Titles": "Kennametal Inc.", "price": "28.88", "Change": -0.89, "Change Precentage": "-2.99%", "Volume": "1.279M", "Average Volume": "740,983", "Market Cap": "2.4B", "Ratio": "19.62"}, {"Brand Symbol": "PARAA", "Brand Titles": "Paramount Global", "price": "40.25", "Change": -1.24, "Change Precentage": "-2.99%", "Volume": "40,913", "Average Volume": "114,467", "Market Cap": "24.495B", "Ratio": "5.80"}, {"Brand Symbol": "MO", "Brand Titles": "Altria Group, Inc.", "price": "52.03", "Change": -1.59, "Change Precentage": "-2.97%", "Volume": "9.739M", "Average Volume": "9.646M", "Market Cap": "94.552B", "Ratio": "38.94"}, {"Brand Symbol": "FNMAS", "Brand Titles": "Federal National Mortgage Association", "price": "2.9600", "Change": -0.09, "Change Precentage": "-2.95%", "Volume": "56,468", "Average Volume": "252,066", "Market Cap": "3.747B", "Ratio": "296.00"}, {"Brand Symbol": "CYXT", "Brand Titles": "Cyxtera Technologies, Inc.", "price": "11.88", "Change": -0.36, "Change Precentage": "-2.94%", "Volume": "361,970", "Average Volume": "307,200", "Market Cap": "2.121B", "Ratio": null}, {"Brand Symbol": "ATI", "Brand Titles": "Allegheny Technologies Incorporated", "price": "27.09", "Change": -0.82, "Change Precentage": "-2.94%", "Volume": "1.122M", "Average Volume": "2.55M", "Market Cap": "3.453B", "Ratio": null}, {"Brand Symbol": "EOG", "Brand Titles": "EOG Resources, Inc.", "price": "120.86", "Change": -3.65, "Change Precentage": "-2.93%", "Volume": "2.882M", "Average Volume": "5.066M", "Market Cap": "70.75B", "Ratio": "15.13"}, {"Brand Symbol": "SHEL", "Brand Titles": "Shell plc", "price": "53.98", "Change": -1.61, "Change Precentage": "-2.90%", "Volume": "4.103M", "Average Volume": "5.426M", "Market Cap": "211.165B", "Ratio": "10.50"}, {"Brand Symbol": "ETWO", "Brand Titles": "E2open Parent Holdings, Inc.", "price": "9.10", "Change": -0.27, "Change Precentage": "-2.88%", "Volume": "1.944M", "Average Volume": "2.988M", "Market Cap": "2.742B", "Ratio": "13.66"}, {"Brand Symbol": "MRO", "Brand Titles": "Marathon Oil Corporation", "price": "25.29", "Change": -0.75, "Change Precentage": "-2.88%", "Volume": "17.907M", "Average Volume": "22.141M", "Market Cap": "18.481B", "Ratio": "21.08"}, {"Brand Symbol": "AGI", "Brand Titles": "Alamos Gold Inc.", "price": "8.11", "Change": -0.24, "Change Precentage": "-2.87%", "Volume": "2.266M", "Average Volume": "4.462M", "Market Cap": "3.179B", "Ratio": null}, {"Brand Symbol": "HBM", "Brand Titles": "Hudbay Minerals Inc.", "price": "7.79", "Change": -0.23, "Change Precentage": "-2.87%", "Volume": "777,604", "Average Volume": "1.307M", "Market Cap": "2.04B", "Ratio": null}, {"Brand Symbol": "AETUF", "Brand Titles": "ARC Resources Ltd.", "price": "13.62", "Change": -0.4, "Change Precentage": "-2.87%", "Volume": "63,603", "Average Volume": "90,816", "Market Cap": "9.479B", "Ratio": "13.60"}, {"Brand Symbol": "BG", "Brand Titles": "Bunge Limited", "price": "113.86", "Change": -3.35, "Change Precentage": "-2.86%", "Volume": "1.308M", "Average Volume": "1.501M", "Market Cap": "16.251B", "Ratio": "8.35"}, {"Brand Symbol": "ARNC", "Brand Titles": "Arconic Corporation", "price": "24.23", "Change": -0.71, "Change Precentage": "-2.85%", "Volume": "489,509", "Average Volume": "1.06M", "Market Cap": "2.545B", "Ratio": null}, {"Brand Symbol": "VIR", "Brand Titles": "Vir Biotechnology, Inc.", "price": "21.19", "Change": -0.62, "Change Precentage": "-2.84%", "Volume": "2.203M", "Average Volume": "1.271M", "Market Cap": "2.804B", "Ratio": "5.35"}, {"Brand Symbol": "CGAU", "Brand Titles": "Centerra Gold Inc.", "price": "9.57", "Change": -0.28, "Change Precentage": "-2.84%", "Volume": "139,117", "Average Volume": "100,200", "Market Cap": "2.855B", "Ratio": null}, {"Brand Symbol": "CTRA", "Brand Titles": "Coterra Energy Inc.", "price": "28.09", "Change": -0.82, "Change Precentage": "-2.84%", "Volume": "15.12M", "Average Volume": "10.396M", "Market Cap": "22.78B", "Ratio": "12.27"}, {"Brand Symbol": "EBS", "Brand Titles": "Emergent BioSolutions Inc.", "price": "42.95", "Change": -1.25, "Change Precentage": "-2.83%", "Volume": "350,044", "Average Volume": "596,136", "Market Cap": "2.169B", "Ratio": "10.06"}, {"Brand Symbol": "ANGPY", "Brand Titles": "Anglo American Platinum Limited", "price": "22.70", "Change": -0.66, "Change Precentage": "-2.83%", "Volume": "22,826", "Average Volume": "26,550", "Market Cap": "36.047B", "Ratio": "6.60"}, {"Brand Symbol": "WFRD", "Brand Titles": "Weatherford International plc", "price": "32.37", "Change": -0.94, "Change Precentage": "-2.82%", "Volume": "283,271", "Average Volume": "360,606", "Market Cap": "2.282B", "Ratio": null}, {"Brand Symbol": "HI", "Brand Titles": "Hillenbrand, Inc.", "price": "43.78", "Change": -1.27, "Change Precentage": "-2.82%", "Volume": "355,627", "Average Volume": "326,477", "Market Cap": "3.188B", "Ratio": "14.74"}, {"Brand Symbol": "MKTAY", "Brand Titles": "Makita Corporation", "price": "32.59", "Change": -0.94, "Change Precentage": "-2.82%", "Volume": "32,612", "Average Volume": "44,449", "Market Cap": "8.935B", "Ratio": "16.28"}, {"Brand Symbol": "CHKP", "Brand Titles": "Check Point Software Technologies Ltd.", "price": "138.37", "Change": -4.0, "Change Precentage": "-2.81%", "Volume": "1.322M", "Average Volume": "1.41M", "Market Cap": "18.375B", "Ratio": "22.76"}, {"Brand Symbol": "XOM", "Brand Titles": "Exxon Mobil Corporation", "price": "82.81", "Change": -2.39, "Change Precentage": "-2.81%", "Volume": "21.139M", "Average Volume": "33.433M", "Market Cap": "350.584B", "Ratio": "15.37"}, {"Brand Symbol": "WPM", "Brand Titles": "Wheaton Precious Metals Corp.", "price": "46.93", "Change": -1.35, "Change Precentage": "-2.80%", "Volume": "2.058M", "Average Volume": "2.556M", "Market Cap": "21.216B", "Ratio": "28.05"}, {"Brand Symbol": "ARW", "Brand Titles": "Arrow Electronics, Inc.", "price": "123.16", "Change": -3.54, "Change Precentage": "-2.79%", "Volume": "667,134", "Average Volume": "552,057", "Market Cap": "8.337B", "Ratio": "8.16"}, {"Brand Symbol": "KLIC", "Brand Titles": "Kulicke and Soffa Industries, Inc.", "price": "59.00", "Change": -1.69, "Change Precentage": "-2.78%", "Volume": "1.104M", "Average Volume": "920,257", "Market Cap": "3.676B", "Ratio": "8.30"}, {"Brand Symbol": "VWDRY", "Brand Titles": "Vestas Wind Systems A/S", "price": "9.11", "Change": -0.26, "Change Precentage": "-2.77%", "Volume": "723,938", "Average Volume": "1.059M", "Market Cap": "27.498B", "Ratio": "149.49"}, {"Brand Symbol": "TAK", "Brand Titles": "Takeda Pharmaceutical Company Limited", "price": "14.52", "Change": -0.41, "Change Precentage": "-2.75%", "Volume": "3.352M", "Average Volume": "2.867M", "Market Cap": "45.67B", "Ratio": "12.77"}, {"Brand Symbol": "LEGN", "Brand Titles": "Legend Biotech Corporation", "price": "35.87", "Change": -1.01, "Change Precentage": "-2.74%", "Volume": "418,620", "Average Volume": "765,434", "Market Cap": "5.482B", "Ratio": null}, {"Brand Symbol": "CVE", "Brand Titles": "Cenovus Energy Inc.", "price": "16.35", "Change": -0.46, "Change Precentage": "-2.74%", "Volume": "11.312M", "Average Volume": "13.427M", "Market Cap": "32.718B", "Ratio": "75.69"}, {"Brand Symbol": "HPQ", "Brand Titles": "HP Inc.", "price": "38.75", "Change": -1.09, "Change Precentage": "-2.74%", "Volume": "18.735M", "Average Volume": "12.686M", "Market Cap": "40.818B", "Ratio": "6.96"}, {"Brand Symbol": "HII", "Brand Titles": "Huntington Ingalls Industries, Inc.", "price": "200.35", "Change": -5.62, "Change Precentage": "-2.73%", "Volume": "425,883", "Average Volume": "451,409", "Market Cap": "8.027B", "Ratio": "14.84"}, {"Brand Symbol": "PAG", "Brand Titles": "Penske Automotive Group, Inc.", "price": "99.40", "Change": -2.78, "Change Precentage": "-2.72%", "Volume": "334,337", "Average Volume": "317,436", "Market Cap": "7.633B", "Ratio": "6.67"}, {"Brand Symbol": "NVG", "Brand Titles": "Nuveen AMT-Free Municipal Credit Income Fund", "price": "13.99", "Change": -0.39, "Change Precentage": "-2.71%", "Volume": "1.166M", "Average Volume": "491,290", "Market Cap": "2.986B", "Ratio": "9.90"}, {"Brand Symbol": "VRNOF", "Brand Titles": "Verano Holdings Corp.", "price": "10.05", "Change": -0.28, "Change Precentage": "-2.71%", "Volume": "531,486", "Average Volume": "481,940", "Market Cap": "2.032B", "Ratio": "17.15"}, {"Brand Symbol": "BZ", "Brand Titles": "Kanzhun Limited", "price": "25.49", "Change": -0.71, "Change Precentage": "-2.71%", "Volume": "2.482M", "Average Volume": "4.509M", "Market Cap": "10.425B", "Ratio": null}, {"Brand Symbol": "EQNR", "Brand Titles": "Equinor ASA", "price": "36.69", "Change": -1.02, "Change Precentage": "-2.70%", "Volume": "2.821M", "Average Volume": "4.404M", "Market Cap": "120.167B", "Ratio": "13.95"}, {"Brand Symbol": "AHEXY", "Brand Titles": "Adecco Group AG", "price": "22.68", "Change": -0.63, "Change Precentage": "-2.70%", "Volume": "31,888", "Average Volume": "61,931", "Market Cap": "7.601B", "Ratio": "11.47"}, {"Brand Symbol": "SQM", "Brand Titles": "Sociedad Qu\u00edmica y Minera de Chile S.A.", "price": "82.45", "Change": -2.28, "Change Precentage": "-2.69%", "Volume": "1.418M", "Average Volume": "1.554M", "Market Cap": "23.551B", "Ratio": "40.22"}, {"Brand Symbol": "ENVX", "Brand Titles": "Enovix Corporation", "price": "13.77", "Change": -0.38, "Change Precentage": "-2.69%", "Volume": "784,472", "Average Volume": "1.196M", "Market Cap": "2.097B", "Ratio": null}, {"Brand Symbol": "PTR", "Brand Titles": "PetroChina Company Limited", "price": "51.13", "Change": -1.41, "Change Precentage": "-2.68%", "Volume": "139,552", "Average Volume": "233,213", "Market Cap": "142.585B", "Ratio": "7.20"}, {"Brand Symbol": "SWTX", "Brand Titles": "SpringWorks Therapeutics, Inc.", "price": "60.69", "Change": -1.67, "Change Precentage": "-2.68%", "Volume": "483,154", "Average Volume": "422,986", "Market Cap": "3.077B", "Ratio": null}, {"Brand Symbol": "AEM", "Brand Titles": "Agnico Eagle Mines Limited", "price": "60.39", "Change": -1.66, "Change Precentage": "-2.68%", "Volume": "2.753M", "Average Volume": "3.625M", "Market Cap": "27.465B", "Ratio": "27.20"}, {"Brand Symbol": "FRCOY", "Brand Titles": "Fast Retailing Co., Ltd.", "price": "50.35", "Change": -1.38, "Change Precentage": "-2.67%", "Volume": "29,739", "Average Volume": "37,109", "Market Cap": "51.737B", "Ratio": "32.63"}, {"Brand Symbol": "SBS", "Brand Titles": "Companhia de Saneamento B\u00e1sico do Estado de S\u00e3o Paulo - SABESP", "price": "9.15", "Change": -0.25, "Change Precentage": "-2.66%", "Volume": "4.074M", "Average Volume": "2.304M", "Market Cap": "6.361B", "Ratio": "11.75"}, {"Brand Symbol": "SUHJY", "Brand Titles": "Sun Hung Kai Properties Limited", "price": "12.08", "Change": -0.33, "Change Precentage": "-2.66%", "Volume": "210,219", "Average Volume": "202,768", "Market Cap": "35.407B", "Ratio": "9.69"}, {"Brand Symbol": "ASND", "Brand Titles": "Ascendis Pharma A/S", "price": "111.35", "Change": -3.04, "Change Precentage": "-2.66%", "Volume": "461,036", "Average Volume": "391,180", "Market Cap": "6.34B", "Ratio": null}, {"Brand Symbol": "HSQVY", "Brand Titles": "Husqvarna AB (publ)", "price": "20.25", "Change": -0.55, "Change Precentage": "-2.64%", "Volume": "44,537", "Average Volume": "37,209", "Market Cap": "6.01B", "Ratio": "23.49"}, {"Brand Symbol": "MT", "Brand Titles": "ArcelorMittal S.A.", "price": "33.65", "Change": -0.91, "Change Precentage": "-2.63%", "Volume": "3.153M", "Average Volume": "5.512M", "Market Cap": "30.604B", "Ratio": "2.49"}, {"Brand Symbol": "CSTM", "Brand Titles": "Constellium SE", "price": "17.78", "Change": -0.48, "Change Precentage": "-2.63%", "Volume": "476,121", "Average Volume": "776,419", "Market Cap": "2.519B", "Ratio": "9.23"}, {"Brand Symbol": "AVAV", "Brand Titles": "AeroVironment, Inc.", "price": "96.72", "Change": -2.6, "Change Precentage": "-2.62%", "Volume": "233,230", "Average Volume": "303,352", "Market Cap": "2.41B", "Ratio": null}, {"Brand Symbol": "LSRCY", "Brand Titles": "Lasertec Corporation", "price": "32.73", "Change": -0.88, "Change Precentage": "-2.61%", "Volume": "39,194", "Average Volume": "62,890", "Market Cap": "14.758B", "Ratio": "87.56"}, {"Brand Symbol": "GLCNF", "Brand Titles": "Glencore plc", "price": "6.57", "Change": -0.17, "Change Precentage": "-2.60%", "Volume": "25,692", "Average Volume": "62,232", "Market Cap": "86.544B", "Ratio": "17.74"}, {"Brand Symbol": "STLD", "Brand Titles": "Steel Dynamics, Inc.", "price": "87.17", "Change": -2.32, "Change Precentage": "-2.59%", "Volume": "1.681M", "Average Volume": "2.459M", "Market Cap": "16.52B", "Ratio": "5.60"}, {"Brand Symbol": "VTRS", "Brand Titles": "Viatris Inc.", "price": "10.90", "Change": -0.29, "Change Precentage": "-2.59%", "Volume": "14.824M", "Average Volume": "13.415M", "Market Cap": "13.184B", "Ratio": null}, {"Brand Symbol": "EGO", "Brand Titles": "Eldorado Gold Corporation", "price": "11.29", "Change": -0.3, "Change Precentage": "-2.59%", "Volume": "2.264M", "Average Volume": "2.583M", "Market Cap": "2.062B", "Ratio": null}, {"Brand Symbol": "JHX", "Brand Titles": "James Hardie Industries plc", "price": "31.65", "Change": -0.84, "Change Precentage": "-2.59%", "Volume": "39,034", "Average Volume": "57,911", "Market Cap": "14.095B", "Ratio": "28.01"}, {"Brand Symbol": "MLKN", "Brand Titles": "MillerKnoll, Inc.", "price": "31.33", "Change": -0.83, "Change Precentage": "-2.58%", "Volume": "449,803", "Average Volume": "501,198", "Market Cap": "2.373B", "Ratio": null}]