[{"Brand Symbol": "THER", "Brand Titles": "Theralink Technologies, Inc.", "price": 0.4, "Change": -0.1, "Change Precentage": "-20.00%", "Volume": "79,229", "Average Volume": "20,898", "Market Cap": "2.222B", "Ratio": null}, {"Brand Symbol": "RYCEY", "Brand Titles": "Rolls-Royce Holdings plc", "price": 1.34, "Change": -0.18, "Change Precentage": "-11.84%", "Volume": "16.102M", "Average Volume": "4.928M", "Market Cap": "11.213B", "Ratio": 70.53}, {"Brand Symbol": "BCS", "Brand Titles": "Barclays PLC", "price": 8.09, "Change": -0.96, "Change Precentage": "-10.61%", "Volume": "36.019M", "Average Volume": "7.098M", "Market Cap": "36.991B", "Ratio": 4.2}, {"Brand Symbol": "DAVE", "Brand Titles": "Dave Inc.", "price": 6.52, "Change": -0.76, "Change Precentage": "-10.44%", "Volume": "810,468", "Average Volume": "1.359M", "Market Cap": "2.425B", "Ratio": null}, {"Brand Symbol": "GTLS", "Brand Titles": "Chart Industries, Inc.", "price": 167.67, "Change": -18.8, "Change Precentage": "-10.08%", "Volume": "3.033M", "Average Volume": "595,686", "Market Cap": "6.136B", "Ratio": 116.44}, {"Brand Symbol": "AMTD", "Brand Titles": "AMTD International Inc.", "price": 2.43, "Change": -0.27, "Change Precentage": "-10.00%", "Volume": "84,571", "Average Volume": "255,159", "Market Cap": "2.284B", "Ratio": 4.18}, {"Brand Symbol": "SBSW", "Brand Titles": "Sibanye Stillwater Limited", "price": 15.67, "Change": -1.59, "Change Precentage": "-9.21%", "Volume": "7.096M", "Average Volume": "4.861M", "Market Cap": "11.238B", "Ratio": 5.05}, {"Brand Symbol": "RYCEF", "Brand Titles": "Rolls-Royce Holdings plc", "price": 1.33, "Change": -0.13, "Change Precentage": "-8.90%", "Volume": "91,523", "Average Volume": "91,750", "Market Cap": "11.129B", "Ratio": 70.0}, {"Brand Symbol": "MCARY", "Brand Titles": "Mercari, Inc.", "price": 12.4, "Change": -1.19, "Change Precentage": "-8.76%", "Volume": "20,978", "Average Volume": "47,421", "Market Cap": "3.997B", "Ratio": null}, {"Brand Symbol": "CGC", "Brand Titles": "Canopy Growth Corporation", "price": 7.94, "Change": -0.75, "Change Precentage": "-8.63%", "Volume": "17.778M", "Average Volume": "7.779M", "Market Cap": "3.13B", "Ratio": null}, {"Brand Symbol": "MUR", "Brand Titles": "Murphy Oil Corporation", "price": 39.48, "Change": -3.67, "Change Precentage": "-8.51%", "Volume": "4.968M", "Average Volume": "2.004M", "Market Cap": "6.099B", "Ratio": null}, {"Brand Symbol": "EGRNF", "Brand Titles": "China Evergrande Group", "price": 0.1833, "Change": -0.0167, "Change Precentage": "-8.35%", "Volume": "137,005", "Average Volume": "141,418", "Market Cap": "2.552B", "Ratio": 0.98}, {"Brand Symbol": "ACAD", "Brand Titles": "ACADIA Pharmaceuticals Inc.", "price": 24.65, "Change": -2.24, "Change Precentage": "-8.33%", "Volume": "2.113M", "Average Volume": "1.436M", "Market Cap": "3.974B", "Ratio": null}, {"Brand Symbol": "DIDI", "Brand Titles": "DiDi Global Inc.", "price": 3.02, "Change": -0.25, "Change Precentage": "-7.65%", "Volume": "42.312M", "Average Volume": "45.114M", "Market Cap": "14.566B", "Ratio": null}, {"Brand Symbol": "VET", "Brand Titles": "Vermilion Energy Inc.", "price": 21.73, "Change": -1.71, "Change Precentage": "-7.30%", "Volume": "3.317M", "Average Volume": "2.566M", "Market Cap": "3.527B", "Ratio": 3.9}, {"Brand Symbol": "RIG", "Brand Titles": "Transocean Ltd.", "price": 4.67, "Change": -0.36, "Change Precentage": "-7.16%", "Volume": "26.208M", "Average Volume": "24.578M", "Market Cap": "3.061B", "Ratio": null}, {"Brand Symbol": "RES", "Brand Titles": "RPC, Inc.", "price": 10.67, "Change": -0.81, "Change Precentage": "-7.06%", "Volume": "1.35M", "Average Volume": "1.442M", "Market Cap": "2.311B", "Ratio": 355.67}, {"Brand Symbol": "TELL", "Brand Titles": "Tellurian Inc.", "price": 5.43, "Change": -0.41, "Change Precentage": "-7.02%", "Volume": "32.624M", "Average Volume": "17.482M", "Market Cap": "2.815B", "Ratio": null}, {"Brand Symbol": "TLRY", "Brand Titles": "Tilray Brands, Inc.", "price": 7.99, "Change": -0.57, "Change Precentage": "-6.66%", "Volume": "90.952M", "Average Volume": "28.975M", "Market Cap": "3.841B", "Ratio": null}, {"Brand Symbol": "NXE", "Brand Titles": "NexGen Energy Ltd.", "price": 5.4, "Change": -0.38, "Change Precentage": "-6.57%", "Volume": "2.092M", "Average Volume": "2.361M", "Market Cap": "2.588B", "Ratio": null}, {"Brand Symbol": "LBRT", "Brand Titles": "Liberty Oilfield Services Inc.", "price": 14.68, "Change": -1.03, "Change Precentage": "-6.56%", "Volume": "1.636M", "Average Volume": "1.882M", "Market Cap": "2.732B", "Ratio": null}, {"Brand Symbol": "NEX", "Brand Titles": "NexTier Oilfield Solutions Inc.", "price": 8.85, "Change": -0.62, "Change Precentage": "-6.55%", "Volume": "2.721M", "Average Volume": "3.458M", "Market Cap": "2.158B", "Ratio": null}, {"Brand Symbol": "DISCA", "Brand Titles": "Discovery, Inc.", "price": 25.58, "Change": -1.77, "Change Precentage": "-6.47%", "Volume": "11.003M", "Average Volume": "9.396M", "Market Cap": "13.003B", "Ratio": 18.56}, {"Brand Symbol": "IMPUY", "Brand Titles": "Impala Platinum Holdings Limited", "price": 14.9, "Change": -1.03, "Change Precentage": "-6.47%", "Volume": "175,764", "Average Volume": "181,303", "Market Cap": "12.634B", "Ratio": 4.89}, {"Brand Symbol": "PTEN", "Brand Titles": "Patterson-UTI Energy, Inc.", "price": 15.06, "Change": -1.04, "Change Precentage": "-6.46%", "Volume": "3.292M", "Average Volume": "3.924M", "Market Cap": "3.242B", "Ratio": null}, {"Brand Symbol": "WLL", "Brand Titles": "Whiting Petroleum Corporation", "price": 81.45, "Change": -5.61, "Change Precentage": "-6.44%", "Volume": "525,206", "Average Volume": "637,254", "Market Cap": "3.196B", "Ratio": 7.56}, {"Brand Symbol": "GFS", "Brand Titles": "GLOBALFOUNDRIES Inc.", "price": 73.9, "Change": -5.04, "Change Precentage": "-6.38%", "Volume": "3.417M", "Average Volume": "2.523M", "Market Cap": "39.303B", "Ratio": null}, {"Brand Symbol": "DISCK", "Brand Titles": "Discovery, Inc.", "price": 25.63, "Change": -1.68, "Change Precentage": "-6.15%", "Volume": "5.083M", "Average Volume": "5.802M", "Market Cap": "13.033B", "Ratio": 18.6}, {"Brand Symbol": "LNG", "Brand Titles": "Cheniere Energy, Inc.", "price": 140.15, "Change": -9.15, "Change Precentage": "-6.13%", "Volume": "2.728M", "Average Volume": "2.277M", "Market Cap": "35.654B", "Ratio": null}, {"Brand Symbol": "BTU", "Brand Titles": "Peabody Energy Corporation", "price": 24.43, "Change": -1.52, "Change Precentage": "-5.86%", "Volume": "6.847M", "Average Volume": "9.841M", "Market Cap": "3.264B", "Ratio": 7.6}, {"Brand Symbol": "OAS", "Brand Titles": "Oasis Petroleum Inc.", "price": 145.65, "Change": -9.05, "Change Precentage": "-5.85%", "Volume": "323,791", "Average Volume": "319,585", "Market Cap": "2.826B", "Ratio": 9.41}, {"Brand Symbol": "ADS", "Brand Titles": "Bread Financial Holdings, Inc.", "price": 56.27, "Change": -3.43, "Change Precentage": "-5.75%", "Volume": "963,191", "Average Volume": "1M", "Market Cap": "2.811B", "Ratio": 3.51}, {"Brand Symbol": "NCNO", "Brand Titles": "nCino, Inc.", "price": 42.25, "Change": -2.5, "Change Precentage": "-5.59%", "Volume": "1.615M", "Average Volume": "934,852", "Market Cap": "4.088B", "Ratio": null}, {"Brand Symbol": "MEGEF", "Brand Titles": "MEG Energy Corp.", "price": 14.01, "Change": -0.82, "Change Precentage": "-5.53%", "Volume": "115,575", "Average Volume": "120,463", "Market Cap": "4.301B", "Ratio": 19.27}, {"Brand Symbol": "FMCKJ", "Brand Titles": "Federal Home Loan Mortgage Corporation", "price": 2.8, "Change": -0.16, "Change Precentage": "-5.41%", "Volume": "91,448", "Average Volume": "217,549", "Market Cap": "1.912B", "Ratio": 18.54}, {"Brand Symbol": "SMMYY", "Brand Titles": "Sumitomo Metal Mining Co., Ltd.", "price": 12.75, "Change": -0.7, "Change Precentage": "-5.20%", "Volume": "34,954", "Average Volume": "60,852", "Market Cap": "14.196B", "Ratio": 7.81}, {"Brand Symbol": "HMY", "Brand Titles": "Harmony Gold Mining Company Limited", "price": 4.93, "Change": -0.27, "Change Precentage": "-5.19%", "Volume": "5.417M", "Average Volume": "8.259M", "Market Cap": "3.07B", "Ratio": 23.36}, {"Brand Symbol": "EQX", "Brand Titles": "Equinox Gold Corp.", "price": 8.29, "Change": -0.45, "Change Precentage": "-5.15%", "Volume": "2.223M", "Average Volume": "2.388M", "Market Cap": "2.509B", "Ratio": 4.91}, {"Brand Symbol": "PAAS", "Brand Titles": "Pan American Silver Corp.", "price": 26.82, "Change": -1.45, "Change Precentage": "-5.13%", "Volume": "2.961M", "Average Volume": "2.843M", "Market Cap": "5.657B", "Ratio": 58.3}, {"Brand Symbol": "FNMAT", "Brand Titles": "Federal National Mortgage Association", "price": 2.43, "Change": -0.13, "Change Precentage": "-5.08%", "Volume": "26,116", "Average Volume": "76,427", "Market Cap": "3.215B", "Ratio": 243.0}, {"Brand Symbol": "PHJMF", "Brand Titles": "PT Hanjaya Mandala Sampoerna Tbk", "price": 0.0617, "Change": -0.0033, "Change Precentage": "-5.08%", "Volume": "82,575", "Average Volume": "176,924", "Market Cap": "7.177B", "Ratio": null}, {"Brand Symbol": "HL", "Brand Titles": "Hecla Mining Company", "price": 6.44, "Change": -0.34, "Change Precentage": "-5.01%", "Volume": "8.021M", "Average Volume": "9.337M", "Market Cap": "3.467B", "Ratio": 107.33}, {"Brand Symbol": "BDRBF", "Brand Titles": "Bombardier Inc.", "price": 1.14, "Change": -0.06, "Change Precentage": "-5.00%", "Volume": "533,239", "Average Volume": "759,914", "Market Cap": "2.743B", "Ratio": 0.56}, {"Brand Symbol": "EVA", "Brand Titles": "Enviva Inc.", "price": 74.43, "Change": -3.9, "Change Precentage": "-4.98%", "Volume": "235,403", "Average Volume": "353,881", "Market Cap": "4.954B", "Ratio": null}, {"Brand Symbol": "WOPEY", "Brand Titles": "Woodside Petroleum Ltd", "price": 24.22, "Change": -1.26, "Change Precentage": "-4.95%", "Volume": "30,152", "Average Volume": "45,059", "Market Cap": "24.17B", "Ratio": 11.87}, {"Brand Symbol": "PDCE", "Brand Titles": "PDC Energy, Inc.", "price": 73.99, "Change": -3.82, "Change Precentage": "-4.91%", "Volume": "866,111", "Average Volume": "1.603M", "Market Cap": "7.131B", "Ratio": 14.17}, {"Brand Symbol": "BVN", "Brand Titles": "Compa\u00f1\u00eda de Minas Buenaventura S.A.A.", "price": 10.15, "Change": -0.52, "Change Precentage": "-4.87%", "Volume": "913,712", "Average Volume": "1.46M", "Market Cap": "2.578B", "Ratio": null}, {"Brand Symbol": "CPG", "Brand Titles": "Crescent Point Energy Corp.", "price": 7.48, "Change": -0.38, "Change Precentage": "-4.83%", "Volume": "8.485M", "Average Volume": "8.156M", "Market Cap": "4.311B", "Ratio": 2.27}, {"Brand Symbol": "MPLN", "Brand Titles": "MultiPlan Corporation", "price": 4.38, "Change": -0.22, "Change Precentage": "-4.78%", "Volume": "1.399M", "Average Volume": "3.731M", "Market Cap": "2.797B", "Ratio": 27.9}, {"Brand Symbol": "CIVI", "Brand Titles": "Civitas Resources, Inc.", "price": 61.54, "Change": -3.08, "Change Precentage": "-4.77%", "Volume": "902,145", "Average Volume": "976,618", "Market Cap": "5.227B", "Ratio": 12.98}, {"Brand Symbol": "MOS", "Brand Titles": "The Mosaic Company", "price": 67.97, "Change": -3.37, "Change Precentage": "-4.72%", "Volume": "9.074M", "Average Volume": "8.713M", "Market Cap": "25.034B", "Ratio": 15.92}, {"Brand Symbol": "GTN", "Brand Titles": "Gray Television, Inc.", "price": 22.26, "Change": -1.09, "Change Precentage": "-4.67%", "Volume": "863,990", "Average Volume": "627,673", "Market Cap": "2.109B", "Ratio": 55.65}, {"Brand Symbol": "MTHRY", "Brand Titles": "M3, Inc.", "price": 17.57, "Change": -0.86, "Change Precentage": "-4.67%", "Volume": "22,464", "Average Volume": "37,273", "Market Cap": "23.853B", "Ratio": 43.38}, {"Brand Symbol": "RYKKY", "Brand Titles": "Ryohin Keikaku Co., Ltd.", "price": 11.69, "Change": -0.57, "Change Precentage": "-4.65%", "Volume": "1.165M", "Average Volume": "104,801", "Market Cap": "3.149B", "Ratio": 12.79}, {"Brand Symbol": "NRGV", "Brand Titles": "Energy Vault Holdings, Inc.", "price": 15.0, "Change": -0.73, "Change Precentage": "-4.64%", "Volume": "564,967", "Average Volume": "953,178", "Market Cap": "2.004B", "Ratio": null}, {"Brand Symbol": "ABG", "Brand Titles": "Asbury Automotive Group, Inc.", "price": 164.71, "Change": -7.98, "Change Precentage": "-4.62%", "Volume": "270,728", "Average Volume": "319,667", "Market Cap": "3.819B", "Ratio": 6.22}, {"Brand Symbol": "SNPHY", "Brand Titles": "Santen Pharmaceutical Co., Ltd.", "price": 10.55, "Change": -0.51, "Change Precentage": "-4.58%", "Volume": "44,869", "Average Volume": "103,580", "Market Cap": "4.267B", "Ratio": 102.47}, {"Brand Symbol": "ENIC", "Brand Titles": "Enel Chile S.A.", "price": 1.68, "Change": -0.08, "Change Precentage": "-4.55%", "Volume": "830,239", "Average Volume": "1.033M", "Market Cap": "2.324B", "Ratio": 4.2}, {"Brand Symbol": "NOG", "Brand Titles": "Northern Oil and Gas, Inc.", "price": 28.03, "Change": -1.33, "Change Precentage": "-4.53%", "Volume": "870,124", "Average Volume": "1.205M", "Market Cap": "2.168B", "Ratio": null}, {"Brand Symbol": "JOBY", "Brand Titles": "Joby Aviation, Inc.", "price": 5.71, "Change": -0.27, "Change Precentage": "-4.52%", "Volume": "7.17M", "Average Volume": "6.344M", "Market Cap": "3.45B", "Ratio": null}, {"Brand Symbol": "MCW", "Brand Titles": "Mister Car Wash, Inc.", "price": 15.09, "Change": -0.71, "Change Precentage": "-4.49%", "Volume": "1.421M", "Average Volume": "875,567", "Market Cap": "4.529B", "Ratio": null}, {"Brand Symbol": "SLB", "Brand Titles": "Schlumberger Limited", "price": 41.73, "Change": -1.95, "Change Precentage": "-4.46%", "Volume": "13.49M", "Average Volume": "17.688M", "Market Cap": "58.97B", "Ratio": 31.61}, {"Brand Symbol": "BKR", "Brand Titles": "Baker Hughes Company", "price": 37.0, "Change": -1.72, "Change Precentage": "-4.44%", "Volume": "7.385M", "Average Volume": "11.288M", "Market Cap": "38.016B", "Ratio": null}, {"Brand Symbol": "CRGY", "Brand Titles": "Crescent Energy Company", "price": 17.27, "Change": -0.8, "Change Precentage": "-4.43%", "Volume": "254,021", "Average Volume": "268,262", "Market Cap": "2.927B", "Ratio": null}, {"Brand Symbol": "CDEV", "Brand Titles": "Centennial Resource Development, Inc.", "price": 8.27, "Change": -0.38, "Change Precentage": "-4.39%", "Volume": "10.327M", "Average Volume": "9.551M", "Market Cap": "2.357B", "Ratio": 17.94}, {"Brand Symbol": "PLL", "Brand Titles": "Piedmont Lithium Inc.", "price": 72.31, "Change": -3.25, "Change Precentage": "-4.30%", "Volume": "556,243", "Average Volume": "404,736", "Market Cap": "1.296B", "Ratio": null}, {"Brand Symbol": "KOS", "Brand Titles": "Kosmos Energy Ltd.", "price": 6.72, "Change": -0.3, "Change Precentage": "-4.27%", "Volume": "10.889M", "Average Volume": "11.775M", "Market Cap": "3.059B", "Ratio": null}, {"Brand Symbol": "EVVTY", "Brand Titles": "Evolution AB (publ)", "price": 106.81, "Change": -4.7, "Change Precentage": "-4.21%", "Volume": "73,088", "Average Volume": "98,367", "Market Cap": "22.772B", "Ratio": 35.54}, {"Brand Symbol": "SHLS", "Brand Titles": "Shoals Technologies Group, Inc.", "price": 19.11, "Change": -0.84, "Change Precentage": "-4.21%", "Volume": "3.193M", "Average Volume": "2.469M", "Market Cap": "2.146B", "Ratio": 796.25}, {"Brand Symbol": "GLNG", "Brand Titles": "Golar LNG Limited", "price": 23.44, "Change": -1.03, "Change Precentage": "-4.21%", "Volume": "2.865M", "Average Volume": "1.432M", "Market Cap": "2.536B", "Ratio": 6.15}, {"Brand Symbol": "ERF", "Brand Titles": "Enerplus Corporation", "price": 13.28, "Change": -0.58, "Change Precentage": "-4.18%", "Volume": "1.865M", "Average Volume": "2.885M", "Market Cap": "3.238B", "Ratio": 14.76}, {"Brand Symbol": "SOBKY", "Brand Titles": "SoftBank Corp.", "price": 11.95, "Change": -0.52, "Change Precentage": "-4.17%", "Volume": "128,434", "Average Volume": "152,532", "Market Cap": "57.13B", "Ratio": 14.64}, {"Brand Symbol": "RNMBY", "Brand Titles": "Rheinmetall AG", "price": 42.53, "Change": -1.85, "Change Precentage": "-4.17%", "Volume": "48,805", "Average Volume": "8,522", "Market Cap": "9.209B", "Ratio": 28.73}, {"Brand Symbol": "WHD", "Brand Titles": "Cactus, Inc.", "price": 54.13, "Change": -2.35, "Change Precentage": "-4.16%", "Volume": "451,302", "Average Volume": "516,550", "Market Cap": "3.259B", "Ratio": 65.06}, {"Brand Symbol": "LAC", "Brand Titles": "Lithium Americas Corp.", "price": 33.05, "Change": -1.42, "Change Precentage": "-4.12%", "Volume": "3.731M", "Average Volume": "3.728M", "Market Cap": "4.433B", "Ratio": null}, {"Brand Symbol": "HAL", "Brand Titles": "Halliburton Company", "price": 37.32, "Change": -1.58, "Change Precentage": "-4.06%", "Volume": "9.241M", "Average Volume": "14.136M", "Market Cap": "33.535B", "Ratio": 22.9}, {"Brand Symbol": "APA", "Brand Titles": "APA Corporation", "price": 39.85, "Change": -1.68, "Change Precentage": "-4.05%", "Volume": "6.961M", "Average Volume": "10.034M", "Market Cap": "13.819B", "Ratio": 15.39}, {"Brand Symbol": "NPO", "Brand Titles": "EnPro Industries, Inc.", "price": 98.66, "Change": -4.14, "Change Precentage": "-4.03%", "Volume": "75,084", "Average Volume": "115,191", "Market Cap": "2.049B", "Ratio": 11.57}, {"Brand Symbol": "BTEGF", "Brand Titles": "Baytex Energy Corp.", "price": 4.53, "Change": -0.19, "Change Precentage": "-4.03%", "Volume": "422,756", "Average Volume": "703,454", "Market Cap": "2.556B", "Ratio": 2.01}, {"Brand Symbol": "PBF", "Brand Titles": "PBF Energy Inc.", "price": 22.19, "Change": -0.93, "Change Precentage": "-4.02%", "Volume": "2.911M", "Average Volume": "3.574M", "Market Cap": "2.67B", "Ratio": 11.69}, {"Brand Symbol": "RKLB", "Brand Titles": "Rocket Lab USA, Inc.", "price": 7.64, "Change": -0.32, "Change Precentage": "-4.02%", "Volume": "5.549M", "Average Volume": "4.195M", "Market Cap": "3.551B", "Ratio": null}, {"Brand Symbol": "CF", "Brand Titles": "CF Industries Holdings, Inc.", "price": 105.12, "Change": -4.4, "Change Precentage": "-4.02%", "Volume": "3.137M", "Average Volume": "4.51M", "Market Cap": "21.792B", "Ratio": 24.79}, {"Brand Symbol": "ROIV", "Brand Titles": "Roivant Sciences Ltd.", "price": 4.78, "Change": -0.2, "Change Precentage": "-4.02%", "Volume": "293,926", "Average Volume": "344,691", "Market Cap": "3.308B", "Ratio": null}, {"Brand Symbol": "SSRM", "Brand Titles": "SSR Mining Inc.", "price": 21.2, "Change": -0.88, "Change Precentage": "-3.99%", "Volume": "1.277M", "Average Volume": "1.94M", "Market Cap": "4.513B", "Ratio": 12.97}, {"Brand Symbol": "FANG", "Brand Titles": "Diamondback Energy, Inc.", "price": 140.7, "Change": -5.81, "Change Precentage": "-3.97%", "Volume": "1.949M", "Average Volume": "2.979M", "Market Cap": "24.962B", "Ratio": 11.44}, {"Brand Symbol": "NOV", "Brand Titles": "NOV Inc.", "price": 19.16, "Change": -0.79, "Change Precentage": "-3.96%", "Volume": "2.966M", "Average Volume": "5.39M", "Market Cap": "7.523B", "Ratio": null}, {"Brand Symbol": "ARVL", "Brand Titles": "Arrival", "price": 3.64, "Change": -0.15, "Change Precentage": "-3.96%", "Volume": "3.811M", "Average Volume": "6.809M", "Market Cap": "2.318B", "Ratio": null}, {"Brand Symbol": "PAGP", "Brand Titles": "Plains GP Holdings, L.P.", "price": 11.66, "Change": -0.48, "Change Precentage": "-3.95%", "Volume": "2.557M", "Average Volume": "3.191M", "Market Cap": "2.856B", "Ratio": 37.73}, {"Brand Symbol": "AU", "Brand Titles": "AngloGold Ashanti Limited", "price": 23.21, "Change": -0.94, "Change Precentage": "-3.89%", "Volume": "2.2M", "Average Volume": "3.766M", "Market Cap": "9.86B", "Ratio": 15.68}, {"Brand Symbol": "BAESY", "Brand Titles": "BAE Systems plc", "price": 38.37, "Change": -1.53, "Change Precentage": "-3.85%", "Volume": "93,967", "Average Volume": "303,872", "Market Cap": "30.153B", "Ratio": 13.28}, {"Brand Symbol": "LKNCY", "Brand Titles": "Luckin Coffee Inc.", "price": 9.5, "Change": -0.38, "Change Precentage": "-3.85%", "Volume": "1.852M", "Average Volume": "2.51M", "Market Cap": "2.405B", "Ratio": 23.69}, {"Brand Symbol": "SU", "Brand Titles": "Suncor Energy Inc.", "price": 32.75, "Change": -1.3, "Change Precentage": "-3.82%", "Volume": "6.747M", "Average Volume": "8.751M", "Market Cap": "47.013B", "Ratio": 14.78}, {"Brand Symbol": "SNX", "Brand Titles": "TD SYNNEX Corporation", "price": 103.56, "Change": -4.06, "Change Precentage": "-3.77%", "Volume": "373,064", "Average Volume": "338,600", "Market Cap": "9.887B", "Ratio": 17.54}, {"Brand Symbol": "AUOTY", "Brand Titles": "AU Optronics Corp.", "price": 7.03, "Change": -0.27, "Change Precentage": "-3.76%", "Volume": "70,516", "Average Volume": "80,855", "Market Cap": "6.781B", "Ratio": 3.22}, {"Brand Symbol": "ELP", "Brand Titles": "Companhia Paranaense de Energia - COPEL", "price": 7.42, "Change": -0.29, "Change Precentage": "-3.76%", "Volume": "1.443M", "Average Volume": "950,996", "Market Cap": "20.305B", "Ratio": 19.42}, {"Brand Symbol": "SES", "Brand Titles": "SES AI Corporation", "price": 9.53, "Change": -0.37, "Change Precentage": "-3.74%", "Volume": "1.066M", "Average Volume": "845,077", "Market Cap": "3.315B", "Ratio": null}, {"Brand Symbol": "COP", "Brand Titles": "ConocoPhillips", "price": 103.5, "Change": -4.0, "Change Precentage": "-3.72%", "Volume": "5.89M", "Average Volume": "9.231M", "Market Cap": "134.501B", "Ratio": 17.05}, {"Brand Symbol": "AG", "Brand Titles": "First Majestic Silver Corp.", "price": 13.36, "Change": -0.51, "Change Precentage": "-3.68%", "Volume": "5.996M", "Average Volume": "6.005M", "Market Cap": "3.483B", "Ratio": null}, {"Brand Symbol": "PAA", "Brand Titles": "Plains All American Pipeline, L.P.", "price": 10.92, "Change": -0.41, "Change Precentage": "-3.62%", "Volume": "6.555M", "Average Volume": "5.962M", "Market Cap": "7.699B", "Ratio": 19.89}, {"Brand Symbol": "SMFG", "Brand Titles": "Sumitomo Mitsui Financial Group, Inc.", "price": 6.66, "Change": -0.25, "Change Precentage": "-3.62%", "Volume": "5.147M", "Average Volume": "2.625M", "Market Cap": "46.172B", "Ratio": 6.36}]