[{"Brand Symbol": "CS", "Brand Titles": "Credit Suisse Group AG", "price": 7.94, "Change": -0.21, "Change Precentage": "-2.58%", "Volume": "16.464M", "Average Volume": "10.632M", "Market Cap": "20.403B", "Ratio": null}, {"Brand Symbol": "WOR", "Brand Titles": "Worthington Industries, Inc.", "price": 51.15, "Change": -1.35, "Change Precentage": "-2.57%", "Volume": "291,123", "Average Volume": "241,036", "Market Cap": "2.525B", "Ratio": 6.43}, {"Brand Symbol": "NTCO", "Brand Titles": "Natura &Co Holding S.A.", "price": 10.63, "Change": -0.28, "Change Precentage": "-2.57%", "Volume": "1.753M", "Average Volume": "1.873M", "Market Cap": "7.307B", "Ratio": 34.29}, {"Brand Symbol": "UGP", "Brand Titles": "Ultrapar Participa\u00e7\u00f5es S.A.", "price": 3.04, "Change": -0.08, "Change Precentage": "-2.56%", "Volume": "1.541M", "Average Volume": "1.19M", "Market Cap": "3.39B", "Ratio": 18.54}, {"Brand Symbol": "SPR", "Brand Titles": "Spirit AeroSystems Holdings, Inc.", "price": 47.14, "Change": -1.23, "Change Precentage": "-2.54%", "Volume": "1.141M", "Average Volume": "2.044M", "Market Cap": "4.947B", "Ratio": null}, {"Brand Symbol": "EC", "Brand Titles": "Ecopetrol S.A.", "price": 18.53, "Change": -0.48, "Change Precentage": "-2.52%", "Volume": "1.102M", "Average Volume": "1.21M", "Market Cap": "38.095B", "Ratio": 8.66}, {"Brand Symbol": "PLXS", "Brand Titles": "Plexus Corp.", "price": 81.84, "Change": -2.11, "Change Precentage": "-2.51%", "Volume": "75,353", "Average Volume": "149,470", "Market Cap": "2.299B", "Ratio": 18.81}, {"Brand Symbol": "SSUMY", "Brand Titles": "Sumitomo Corporation", "price": 17.88, "Change": -0.46, "Change Precentage": "-2.51%", "Volume": "29,990", "Average Volume": "42,645", "Market Cap": "22.613B", "Ratio": 9.25}]