[{"Brand Symbol": "HOOD", "Brand Titles": "Robinhood Markets, Inc.", "price": "15.91", "Market Time": "4:00PM EDT", "Change": 3.1, "Change Precentage": "+24.20%", "Volume": "101.119M", "Market Cap": "13.296B"}, {"Brand Symbol": "MU", "Brand Titles": "Micron Technology, Inc.", "price": "82.05", "Market Time": "4:00PM EDT", "Change": 2.19, "Change Precentage": "+2.74%", "Volume": "40.363M", "Market Cap": "91.878B"}, {"Brand Symbol": "LULU", "Brand Titles": "Lululemon Athletica Inc.", "price": "343.97", "Market Time": "4:00PM EDT", "Change": 12.19, "Change Precentage": "+3.67%", "Volume": "3.157M", "Market Cap": "44.002B"}, {"Brand Symbol": "RIVN", "Brand Titles": "Rivian Automotive, Inc.", "price": "53.88", "Market Time": "4:00PM EDT", "Change": 7.9, "Change Precentage": "+17.18%", "Volume": "26.254M", "Market Cap": "47.598B"}, {"Brand Symbol": "CHWY", "Brand Titles": "Chewy, Inc.", "price": "51.00", "Market Time": "4:00PM EDT", "Change": 2.2, "Change Precentage": "+4.51%", "Volume": "7.447M", "Market Cap": "21.317B"}, {"Brand Symbol": "RH", "Brand Titles": "RH", "price": "385.69", "Market Time": "4:00PM EDT", "Change": 18.19, "Change Precentage": "+4.95%", "Volume": "1.58M", "Market Cap": "8.28B"}, {"Brand Symbol": "MVIS", "Brand Titles": "MicroVision, Inc.", "price": "5.55", "Market Time": "4:00PM EDT", "Change": 1.37, "Change Precentage": "+32.78%", "Volume": "27.879M", "Market Cap": "913.697M"}, {"Brand Symbol": "IGMS", "Brand Titles": "IGM Biosciences, Inc.", "price": "29.49", "Market Time": "4:00PM EDT", "Change": 14.5, "Change Precentage": "+96.73%", "Volume": "42.05M", "Market Cap": "957.296M"}, {"Brand Symbol": "BROS", "Brand Titles": "Dutch Bros Inc.", "price": "62.77", "Market Time": "4:00PM EDT", "Change": 6.92, "Change Precentage": "+12.39%", "Volume": "4.857M", "Market Cap": "10.276B"}, {"Brand Symbol": "YETI", "Brand Titles": "YETI Holdings, Inc.", "price": "61.30", "Market Time": "4:00PM EDT", "Change": 4.21, "Change Precentage": "+7.37%", "Volume": "1.203M", "Market Cap": "5.336B"}, {"Brand Symbol": "NLSN", "Brand Titles": "Nielsen Holdings plc", "price": "26.72", "Market Time": "4:00PM EDT", "Change": 4.51, "Change Precentage": "+20.31%", "Volume": "114.526M", "Market Cap": "9.605B"}, {"Brand Symbol": "SPCE", "Brand Titles": "Virgin Galactic Holdings, Inc.", "price": "11.01", "Market Time": "4:00PM EDT", "Change": 1.25, "Change Precentage": "+12.81%", "Volume": "30.483M", "Market Cap": "2.934B"}, {"Brand Symbol": "TATACONSUM.NS", "Brand Titles": "Tata Consumer Products Limited", "price": "774.90", "Market Time": "11:14AM IST", "Change": 31.7, "Change Precentage": "+4.27%", "Volume": "4.828M", "Market Cap": "714.148B"}, {"Brand Symbol": "SOFI", "Brand Titles": "SoFi Technologies, Inc.", "price": "10.14", "Market Time": "4:00PM EDT", "Change": 0.89, "Change Precentage": "+9.62%", "Volume": "72.805M", "Market Cap": "8.108B"}, {"Brand Symbol": "MTTR", "Brand Titles": "Matterport, Inc.", "price": "9.36", "Market Time": "4:00PM EDT", "Change": 1.4, "Change Precentage": "+17.59%", "Volume": "15.818M", "Market Cap": "2.628B"}, {"Brand Symbol": "HAPPSTMNDS.NS", "Brand Titles": "Happiest Minds Technologies Limited", "price": "1,101.25", "Market Time": "11:14AM IST", "Change": 41.05, "Change Precentage": "+3.87%", "Volume": "328,073", "Market Cap": "161.734B"}, {"Brand Symbol": "BBIG", "Brand Titles": "Vinco Ventures, Inc.", "price": "3.3800", "Market Time": "4:00PM EDT", "Change": 0.41, "Change Precentage": "+13.80%", "Volume": "44.482M", "Market Cap": "632.239M"}, {"Brand Symbol": "PTON", "Brand Titles": "Peloton Interactive, Inc.", "price": "30.89", "Market Time": "4:00PM EDT", "Change": 2.82, "Change Precentage": "+10.05%", "Volume": "14.279M", "Market Cap": "10.243B"}, {"Brand Symbol": "LCID", "Brand Titles": "Lucid Group, Inc.", "price": "27.36", "Market Time": "4:00PM EDT", "Change": 1.98, "Change Precentage": "+7.80%", "Volume": "33.667M", "Market Cap": "45.233B"}, {"Brand Symbol": "^N225", "Brand Titles": "Nikkei 225", "price": "27,824.01", "Market Time": "2:24PM JST", "Change": -428.41, "Change Precentage": "-1.52%", "Volume": "0", "Market Cap": null}, {"Brand Symbol": "TATACOFFEE.NS", "Brand Titles": "Tata Coffee Limited", "price": "217.95", "Market Time": "11:14AM IST", "Change": 21.7, "Change Precentage": "+11.06%", "Volume": "11.201M", "Market Cap": "40.717B"}, {"Brand Symbol": "GERN", "Brand Titles": "Geron Corporation", "price": "1.2800", "Market Time": "4:00PM EDT", "Change": 0.07, "Change Precentage": "+5.79%", "Volume": "3.28M", "Market Cap": "414.377M"}, {"Brand Symbol": "SXTC", "Brand Titles": "China SXT Pharmaceuticals, Inc.", "price": "0.2937", "Market Time": "4:00PM EDT", "Change": 0.0917, "Change Precentage": "+45.40%", "Volume": "215.513M", "Market Cap": "8.549M"}, {"Brand Symbol": "MVST", "Brand Titles": "Microvast Holdings, Inc.", "price": "7.42", "Market Time": "4:00PM EDT", "Change": 0.25, "Change Precentage": "+3.49%", "Volume": "1.385M", "Market Cap": "2.23B"}, {"Brand Symbol": "NQ=F", "Brand Titles": "Nasdaq Futures", "price": "15,214.00", "Market Time": "1:34AM EDT", "Change": -23.75, "Change Precentage": "-0.16%", "Volume": "26,143", "Market Cap": null}, {"Brand Symbol": "CJT.TO", "Brand Titles": "Cargojet Inc.", "price": "185.03", "Market Time": "4:00PM EDT", "Change": 21.54, "Change Precentage": "+13.18%", "Volume": "187,833", "Market Cap": "3.206B"}, {"Brand Symbol": "HEROMOTOCO.NS", "Brand Titles": "Hero MotoCorp Limited", "price": "2,263.60", "Market Time": "11:14AM IST", "Change": 52.95, "Change Precentage": "+2.40%", "Volume": "1.998M", "Market Cap": "452.294B"}, {"Brand Symbol": "TCN", "Brand Titles": "Tricon Residential Inc.", "price": "16.43", "Market Time": "4:00PM EDT", "Change": 0.18, "Change Precentage": "+1.11%", "Volume": "809,701", "Market Cap": "4.472B"}, {"Brand Symbol": "CVS", "Brand Titles": "CVS Health Corporation", "price": "104.68", "Market Time": "4:00PM EDT", "Change": -3.36, "Change Precentage": "-3.11%", "Volume": "8.347M", "Market Cap": "137.394B"}, {"Brand Symbol": "ZM", "Brand Titles": "Zoom Video Communications, Inc.", "price": "126.26", "Market Time": "4:00PM EDT", "Change": 8.81, "Change Precentage": "+7.50%", "Volume": "4.757M", "Market Cap": "37.767B"}]