,Symbol,Name,Price,Change,Change %,Volume,Avg volume,Market cap,Ration
0,SMCI,"Super Micro Computer, Inc.",42.99,+6.38,+17.43%,"350,248","242,242",2.23B,18.21
1,ACC,"American Campus Communities, Inc.",64.83,+7.25,+12.59%,13.86M,"892,355",17.944B,270.13
2,LLKKF,Lake Resources NL,1.6800,+0.1850,+12.37%,"394,988",1.264M,2.161B,N/A
3,GGR,Gogoro Inc.,9.00,+1.00,+12.50%,"328,123","455,485",2.153B,N/A
4,SYAXF,Sayona Mining Limited,0.2799,+0.0292,+11.65%,"621,389",1.746M,2.005B,N/A
5,SI,Silvergate Capital Corporation,129.04,+12.73,+10.94%,"512,158","854,281",4.082B,44.34
6,DNA,"Ginkgo Bioworks Holdings, Inc.",3.9500,+0.3200,+8.82%,2.564M,17.531M,6.932B,N/A
7,FRSH,Freshworks Inc.,19.51,+1.32,+7.26%,"292,635",2.808M,5.532B,N/A
8,CFG,"Citizens Financial Group, Inc.",44.08,+2.85,+6.91%,2.438M,6.218M,18.608B,8.54
9,GTLB,GitLab Inc.,53.70,+3.20,+6.34%,"322,200",1.515M,7.989B,N/A
10,ZEN,"Zendesk, Inc.",129.14,+7.45,+6.12%,2.033M,2.072M,15.738B,N/A
11,PLUG,Plug Power Inc.,27.13,+1.58,+6.18%,15.462M,21.141M,15.681B,N/A
12,WE,WeWork Inc.,6.36,+0.43,+7.17%,1.006M,4.032M,5.037B,N/A
13,DBRG,"DigitalBridge Group, Inc.",7.47,+0.43,+6.18%,1.253M,4.288M,4.474B,N/A
14,CELH,"Celsius Holdings, Inc.",56.13,+3.08,+5.81%,"115,302","941,345",4.229B,"1,122.60"
15,NUVA,"NuVasive, Inc.",59.38,+3.06,+5.43%,"47,927","582,967",3.085B,N/A
16,ABMD,"Abiomed, Inc.",317.87,+16.36,+5.43%,"32,381","346,714",14.468B,109.27
17,AMKBY,A.P. Møller - Mærsk A/S,13.94,+0.66,+4.97%,"31,708","203,595",51.578B,2.97
18,SHAK,Shake Shack Inc.,65.34,+3.30,+5.32%,"139,744","898,418",2.94B,N/A
19,ISRG,"Intuitive Surgical, Inc.",290.67,+14.32,+5.18%,"456,332",2.089M,104.409B,62.38
20,DOCN,"DigitalOcean Holdings, Inc.",51.12,+2.52,+5.19%,"324,917",2.121M,5.501B,N/A
21,CAR,"Avis Budget Group, Inc.",280.17,+13.69,+5.14%,"100,374",1.069M,13.95B,14.41
22,VWAGY,Volkswagen AG,23.30,+1.14,+5.14%,"212,216","431,927",116.802B,7.28
23,SYK,Stryker Corporation,272.00,+13.04,+5.04%,"684,823",1.503M,102.734B,52.21
24,TFX,Teleflex Incorporated,343.57,+16.56,+5.06%,"95,555","313,013",16.114B,33.57
25,NVRO,Nevro Corp.,73.56,+3.71,+5.31%,"38,246","610,059",2.589B,N/A
26,QFIN,"360 DigiTech, Inc.",14.22,+0.69,+5.10%,"183,293",1.715M,2.198B,2.52
27,ONON,On Holding AG,25.81,+1.26,+5.11%,"506,225",2.581M,8.088B,N/A
28,HRMY,"Harmony Biosciences Holdings, Inc.",52.95,+2.52,+5.00%,"121,215","424,626",3.126B,91.29
29,TRUP,"Trupanion, Inc.",82.43,+4.06,+5.17%,"27,415","435,222",3.339B,N/A
30,IQ,"iQIYI, Inc.",3.9200,+0.1900,+5.09%,3.872M,23.238M,3.376B,N/A
31,SWAV,"ShockWave Medical, Inc.",205.69,+9.40,+4.79%,"49,214","395,665",7.334B,N/A
32,RH,RH,342.68,+15.12,+4.62%,"149,308","898,809",8.425B,15.49
33,SBNY,Signature Bank,279.17,+12.56,+4.71%,"326,041","901,521",17.518B,18.57
34,UPST,"Upstart Holdings, Inc.",85.83,+4.11,+5.04%,2.485M,11.827M,7.266B,60.02
35,NARI,"Inari Medical, Inc.",91.03,+4.10,+4.72%,"98,289","516,365",4.79B,505.72
36,RLX,RLX Technology Inc.,1.9850,+0.0850,+4.47%,1.93M,16.4M,2.808B,8.82
37,LTH,"Life Time Group Holdings, Inc.",15.40,+0.69,+4.69%,"35,904","522,055",2.973B,N/A
38,CROX,"Crocs, Inc.",76.40,+3.40,+4.66%,"237,105",1.8M,4.676B,6.71
39,CVAC,CureVac N.V.,16.80,+0.79,+4.93%,"169,325","602,096",3.141B,N/A
40,HTZ,"Hertz Global Holdings, Inc.",23.24,+1.03,+4.62%,"822,173",5.739M,9.691B,N/A
41,LAC,Lithium Americas Corp.,31.21,+1.44,+4.84%,1.269M,4.444M,4.328B,N/A
42,MLCO,Melco Resorts & Entertainment Limited,6.89,+0.32,+4.79%,"598,496",4.172M,3.271B,N/A
43,PENN,"Penn National Gaming, Inc.",38.63,+1.74,+4.72%,"533,294",4.407M,6.502B,15.56
44,NVCR,NovoCure Limited,82.06,+3.58,+4.56%,"59,959","633,332",8.569B,N/A
45,ONEM,"1Life Healthcare, Inc.",10.18,+0.44,+4.52%,"175,310",2.437M,2.035B,N/A
46,DOCS,"Doximity, Inc.",50.05,+2.08,+4.34%,"204,119",2.262M,9.575B,76.06
47,MQ,"Marqeta, Inc.",11.23,+0.49,+4.56%,1.355M,9.066M,6.096B,N/A
48,GSHD,"Goosehead Insurance, Inc",66.89,+2.90,+4.52%,"18,708","213,218",2.483B,257.25
49,RLAY,"Relay Therapeutics, Inc.",29.82,+1.27,+4.45%,"30,605","644,013",3.229B,N/A
50,PEN,"Penumbra, Inc.",202.22,+8.77,+4.53%,"65,839","207,019",7.614B,"1,444.43"
51,VSCO,Victoria's Secret & Co.,51.12,+2.16,+4.40%,"138,128",1.423M,4.31B,7.12
52,TWST,Twist Bioscience Corporation,42.29,+1.57,+3.86%,"55,943","911,973",2.373B,N/A
53,FITB,Fifth Third Bancorp,40.79,+1.72,+4.40%,2.403M,6.661M,27.969B,10.94
54,SFBS,"ServisFirst Bancshares, Inc.",87.29,+3.37,+4.02%,"59,508","212,918",4.738B,22.85
55,ESTC,Elastic N.V.,92.88,+3.69,+4.14%,"121,661",1.433M,8.681B,N/A
56,AFRM,"Affirm Holdings, Inc.",36.65,+1.44,+4.09%,1.459M,15.674M,10.425B,N/A
57,MAN,ManpowerGroup Inc.,92.95,+4.19,+4.72%,"89,430","463,711",5.038B,13.45
58,OKTA,"Okta, Inc.",145.43,+5.72,+4.10%,"343,045",2.728M,22.789B,N/A
59,DKNG,DraftKings Inc.,16.67,+0.69,+4.32%,4.455M,27.704M,6.813B,N/A
60,CTTAY,Continental Aktiengesellschaft,7.06,+0.28,+4.13%,"29,341","417,132",14.302B,4.49
61,HAS,"Hasbro, Inc.",86.86,+3.33,+3.99%,"410,240",1.365M,12.07B,28.02
62,SAIA,"Saia, Inc.",205.36,+8.10,+4.11%,"28,187","414,554",5.423B,21.66
63,FVRR,Fiverr International Ltd.,63.73,+2.41,+3.93%,"182,394",1.04M,2.345B,N/A
64,MASI,Masimo Corporation,135.16,+5.10,+3.92%,"83,089",1.01M,7.501B,33.96
65,BE,Bloom Energy Corporation,22.97,+0.86,+3.90%,"418,514",4.225M,4.08B,N/A
66,CERE,"Cerevel Therapeutics Holdings, Inc.",32.89,+1.39,+4.41%,"30,872","469,680",4.868B,N/A
67,FTCH,Farfetch Limited,13.70,+0.52,+3.95%,"918,298",9.873M,5.224B,N/A
68,UBER,"Uber Technologies, Inc.",33.07,+1.28,+4.03%,3.863M,33.336M,64.651B,N/A
69,CHTR,"Charter Communications, Inc.",555.21,+21.73,+4.07%,"220,409",1.606M,106.319B,22.69
70,UNFI,"United Natural Foods, Inc.",44.28,+1.66,+3.91%,"50,041","595,214",2.58B,11.58
71,TEAM,Atlassian Corporation Plc,269.08,+9.96,+3.84%,"384,225",2.039M,68.207B,N/A
72,BSX,Boston Scientific Corporation,45.47,+1.73,+3.96%,1.726M,8.938M,64.997B,65.90
73,EPAM,"EPAM Systems, Inc.",291.57,+10.37,+3.69%,"80,676",1.457M,17.609B,35.78
74,WYNN,"Wynn Resorts, Limited",76.50,+3.04,+4.14%,"483,759",3.288M,8.868B,N/A
75,SQ,"Block, Inc.",124.17,+4.78,+4.00%,2.845M,21.532M,72.026B,376.28
76,NMRK,"Newmark Group, Inc.",13.37,+0.51,+3.97%,"174,672",1.439M,2.528B,3.52
77,GDRX,"GoodRx Holdings, Inc.",17.98,+0.66,+3.81%,"108,254",2.755M,7.207B,N/A
78,ROKU,"Roku, Inc.",112.14,+4.23,+3.92%,1.436M,7.444M,15.173B,65.58
79,COUP,Coupa Software Incorporated,98.75,+3.52,+3.70%,"212,420",2.591M,7.458B,N/A
80,MNDY,monday.com Ltd.,139.12,+4.88,+3.64%,"42,831","730,291",6.082B,N/A
81,WSM,"Williams-Sonoma, Inc.",146.56,+5.31,+3.76%,"213,259",1.379M,10.488B,9.94
82,TREX,"Trex Company, Inc.",63.86,+2.26,+3.67%,"204,211",1.433M,7.303B,35.48
83,ZIM,ZIM Integrated Shipping Services Ltd.,59.09,+2.26,+3.98%,2.447M,5.029M,7.08B,1.51
84,SIG,Signet Jewelers Limited,81.61,+3.17,+4.04%,"207,963",1.416M,4.07B,6.68
85,WIX,Wix.com Ltd.,91.55,+3.23,+3.66%,"313,136",1.231M,5.261B,N/A
86,STNE,StoneCo Ltd.,10.72,+0.39,+3.73%,"894,207",8.856M,3.31B,N/A
87,LYFT,"Lyft, Inc.",35.77,+1.16,+3.35%,"683,252",6.641M,12.468B,N/A
88,GMAB,Genmab A/S,37.84,+1.41,+3.87%,"359,163","653,324",25.252B,57.15
89,COUR,"Coursera, Inc.",22.75,+0.91,+4.19%,"49,941",1.001M,3.27B,N/A
90,PLTR,Palantir Technologies Inc.,12.61,+0.46,+3.79%,6.11M,51.565M,25.6B,N/A
91,WING,Wingstop Inc.,107.83,+4.16,+4.01%,"65,256","534,713",3.222B,75.94
92,OWL,Blue Owl Capital Inc.,14.50,+0.53,+3.79%,"321,378",2.231M,6.019B,N/A
93,BC,Brunswick Corporation,78.15,+2.73,+3.62%,"148,902",1.009M,5.987B,10.33
94,AZEK,The AZEK Company Inc.,22.35,+0.81,+3.78%,"409,013",2.185M,3.466B,35.48
95,SMAR,Smartsheet Inc.,53.69,+2.05,+3.96%,"212,897",1.649M,6.906B,N/A
96,BEAM,Beam Therapeutics Inc.,45.62,+1.64,+3.74%,"246,297",1.048M,3.136B,N/A
97,AXON,"Axon Enterprise, Inc.",126.74,+4.41,+3.60%,"59,079","430,442",8.998B,N/A
98,TDOC,"Teladoc Health, Inc.",64.17,+2.16,+3.48%,"315,404",4.495M,10.34B,N/A
99,HCP,"HashiCorp, Inc.",55.12,+1.97,+3.72%,"95,143",1.12M,10.114B,N/A
