[{"Brand Symbol": "CVE", "Brand Titles": "Cenovus Energy Inc.", "price": 16.35, "Change": -0.46, "Change Precentage": "-2.74%", "Volume": "11.312M", "Average Volume": "13.427M", "Market Cap": "32.718B", "Ratio": 75.69}, {"Brand Symbol": "KGC", "Brand Titles": "Kinross Gold Corporation", "price": 5.59, "Change": -0.14, "Change Precentage": "-2.44%", "Volume": "11.157M", "Average Volume": "21.184M", "Market Cap": "7.24B", "Ratio": 32.88}, {"Brand Symbol": "BEKE", "Brand Titles": "KE Holdings Inc.", "price": 12.31, "Change": 0.18, "Change Precentage": "+1.48%", "Volume": "11.492M", "Average Volume": "16.666M", "Market Cap": "14.736B", "Ratio": null}, {"Brand Symbol": "KOS", "Brand Titles": "Kosmos Energy Ltd.", "price": 6.72, "Change": -0.3, "Change Precentage": "-4.27%", "Volume": "10.889M", "Average Volume": "11.775M", "Market Cap": "3.059B", "Ratio": null}, {"Brand Symbol": "RIVN", "Brand Titles": "Rivian Automotive, Inc.", "price": 45.98, "Change": -0.18, "Change Precentage": "-0.39%", "Volume": "11.018M", "Average Volume": "18.958M", "Market Cap": "40.619B", "Ratio": null}, {"Brand Symbol": "DISCA", "Brand Titles": "Discovery, Inc.", "price": 25.58, "Change": -1.77, "Change Precentage": "-6.47%", "Volume": "11.003M", "Average Volume": "9.396M", "Market Cap": "13.003B", "Ratio": 18.56}, {"Brand Symbol": "GGB", "Brand Titles": "Gerdau S.A.", "price": 6.37, "Change": -0.04, "Change Precentage": "-0.62%", "Volume": "10.949M", "Average Volume": "10.822M", "Market Cap": "10.865B", "Ratio": 3.34}, {"Brand Symbol": "BILI", "Brand Titles": "Bilibili Inc.", "price": 28.54, "Change": 1.01, "Change Precentage": "+3.67%", "Volume": "10.833M", "Average Volume": "9.31M", "Market Cap": "10.928B", "Ratio": null}, {"Brand Symbol": "JPM", "Brand Titles": "JPMorgan Chase & Co.", "price": 140.87, "Change": -1.05, "Change Precentage": "-0.74%", "Volume": "10.385M", "Average Volume": "16.864M", "Market Cap": "415.962B", "Ratio": 9.17}, {"Brand Symbol": "BMY", "Brand Titles": "Bristol-Myers Squibb Company", "price": 73.11, "Change": -0.17, "Change Precentage": "-0.23%", "Volume": "10.425M", "Average Volume": "14.602M", "Market Cap": "157.467B", "Ratio": 23.43}, {"Brand Symbol": "GILD", "Brand Titles": "Gilead Sciences, Inc.", "price": 59.18, "Change": 0.27, "Change Precentage": "+0.46%", "Volume": "10.549M", "Average Volume": "11.216M", "Market Cap": "74.318B", "Ratio": 12.0}, {"Brand Symbol": "TJX", "Brand Titles": "The TJX Companies, Inc.", "price": 62.0, "Change": 0.71, "Change Precentage": "+1.16%", "Volume": "8.527M", "Average Volume": "7.173M", "Market Cap": "73.959B", "Ratio": 22.96}, {"Brand Symbol": "EQT", "Brand Titles": "EQT Corporation", "price": 34.9, "Change": 0.57, "Change Precentage": "+1.66%", "Volume": "10.034M", "Average Volume": "9.439M", "Market Cap": "13.123B", "Ratio": null}, {"Brand Symbol": "CDEV", "Brand Titles": "Centennial Resource Development, Inc.", "price": 8.27, "Change": -0.38, "Change Precentage": "-4.39%", "Volume": "10.327M", "Average Volume": "9.551M", "Market Cap": "2.357B", "Ratio": 17.94}, {"Brand Symbol": "BTG", "Brand Titles": "B2Gold Corp.", "price": 4.53, "Change": -0.15, "Change Precentage": "-3.21%", "Volume": "10.269M", "Average Volume": "11.563M", "Market Cap": "4.787B", "Ratio": 11.35}, {"Brand Symbol": "MO", "Brand Titles": "Altria Group, Inc.", "price": 52.03, "Change": -1.59, "Change Precentage": "-2.97%", "Volume": "9.739M", "Average Volume": "9.646M", "Market Cap": "94.552B", "Ratio": 38.94}, {"Brand Symbol": "FTCH", "Brand Titles": "Farfetch Limited", "price": 14.73, "Change": -0.31, "Change Precentage": "-2.06%", "Volume": "10.003M", "Average Volume": "9.475M", "Market Cap": "5.617B", "Ratio": null}, {"Brand Symbol": "UPST", "Brand Titles": "Upstart Holdings, Inc.", "price": 108.16, "Change": 4.39, "Change Precentage": "+4.23%", "Volume": "10.206M", "Average Volume": "10.7M", "Market Cap": "9.092B", "Ratio": 75.64}, {"Brand Symbol": "VIPS", "Brand Titles": "Vipshop Holdings Limited", "price": 9.21, "Change": -0.09, "Change Precentage": "-0.97%", "Volume": "9.873M", "Average Volume": "8.642M", "Market Cap": "6.253B", "Ratio": 8.71}, {"Brand Symbol": "CVX", "Brand Titles": "Chevron Corporation", "price": 166.35, "Change": -2.96, "Change Precentage": "-1.75%", "Volume": "9.803M", "Average Volume": "17.827M", "Market Cap": "323.975B", "Ratio": 20.44}, {"Brand Symbol": "STNE", "Brand Titles": "StoneCo Ltd.", "price": 12.28, "Change": -0.02, "Change Precentage": "-0.16%", "Volume": "9.772M", "Average Volume": "8.564M", "Market Cap": "3.531B", "Ratio": null}, {"Brand Symbol": "SE", "Brand Titles": "Sea Limited", "price": 116.98, "Change": 0.86, "Change Precentage": "+0.74%", "Volume": "9.978M", "Average Volume": "10.447M", "Market Cap": "65.244B", "Ratio": null}, {"Brand Symbol": "SPCE", "Brand Titles": "Virgin Galactic Holdings, Inc.", "price": 9.76, "Change": 0.33, "Change Precentage": "+3.50%", "Volume": "9.541M", "Average Volume": "21.5M", "Market Cap": "2.601B", "Ratio": null}, {"Brand Symbol": "LYG", "Brand Titles": "Lloyds Banking Group plc", "price": 2.55, "Change": -0.01, "Change Precentage": "-0.39%", "Volume": "9.552M", "Average Volume": "13.212M", "Market Cap": "45.17B", "Ratio": 6.44}, {"Brand Symbol": "SYF", "Brand Titles": "Synchrony Financial", "price": 35.85, "Change": -0.82, "Change Precentage": "-2.24%", "Volume": "9.039M", "Average Volume": "6.942M", "Market Cap": "18.688B", "Ratio": 4.88}, {"Brand Symbol": "QCOM", "Brand Titles": "QUALCOMM Incorporated", "price": 158.45, "Change": 0.48, "Change Precentage": "+0.30%", "Volume": "9.439M", "Average Volume": "10.879M", "Market Cap": "178.573B", "Ratio": 18.16}, {"Brand Symbol": "HAL", "Brand Titles": "Halliburton Company", "price": 37.32, "Change": -1.58, "Change Precentage": "-4.06%", "Volume": "9.241M", "Average Volume": "14.136M", "Market Cap": "33.535B", "Ratio": 22.9}, {"Brand Symbol": "LUMN", "Brand Titles": "Lumen Technologies, Inc.", "price": 11.21, "Change": -0.19, "Change Precentage": "-1.67%", "Volume": "10.176M", "Average Volume": "15.814M", "Market Cap": "11.472B", "Ratio": 5.87}, {"Brand Symbol": "EXC", "Brand Titles": "Exelon Corporation", "price": 46.02, "Change": 0.51, "Change Precentage": "+1.12%", "Volume": "9.275M", "Average Volume": "11.065M", "Market Cap": "45.106B", "Ratio": 26.45}, {"Brand Symbol": "AGNC", "Brand Titles": "AGNC Investment Corp.", "price": 13.38, "Change": 0.11, "Change Precentage": "+0.83%", "Volume": "9.679M", "Average Volume": "8.913M", "Market Cap": "6.987B", "Ratio": 10.97}, {"Brand Symbol": "HST", "Brand Titles": "Host Hotels & Resorts, Inc.", "price": 19.1, "Change": 0.01, "Change Precentage": "+0.05%", "Volume": "9.071M", "Average Volume": "8.389M", "Market Cap": "13.64B", "Ratio": null}, {"Brand Symbol": "PARA", "Brand Titles": "Paramount Global", "price": 37.6, "Change": -0.88, "Change Precentage": "-2.29%", "Volume": "9.03M", "Average Volume": "15.294M", "Market Cap": "24.495B", "Ratio": 5.42}, {"Brand Symbol": "DVN", "Brand Titles": "Devon Energy Corporation", "price": 60.45, "Change": -2.05, "Change Precentage": "-3.28%", "Volume": "8.827M", "Average Volume": "14.044M", "Market Cap": "40.151B", "Ratio": 14.43}, {"Brand Symbol": "CPG", "Brand Titles": "Crescent Point Energy Corp.", "price": 7.48, "Change": -0.38, "Change Precentage": "-4.83%", "Volume": "8.485M", "Average Volume": "8.156M", "Market Cap": "4.311B", "Ratio": 2.27}, {"Brand Symbol": "LU", "Brand Titles": "Lufax Holding Ltd", "price": 6.0, "Change": -0.02, "Change Precentage": "-0.33%", "Volume": "8.613M", "Average Volume": "10.891M", "Market Cap": "15.225B", "Ratio": 5.72}, {"Brand Symbol": "MS", "Brand Titles": "Morgan Stanley", "price": 91.27, "Change": -1.11, "Change Precentage": "-1.20%", "Volume": "8.576M", "Average Volume": "11.648M", "Market Cap": "162.579B", "Ratio": 11.37}, {"Brand Symbol": "MOS", "Brand Titles": "The Mosaic Company", "price": 67.97, "Change": -3.37, "Change Precentage": "-4.72%", "Volume": "9.074M", "Average Volume": "8.713M", "Market Cap": "25.034B", "Ratio": 15.92}, {"Brand Symbol": "CPNG", "Brand Titles": "Coupang, Inc.", "price": 17.75, "Change": 0.05, "Change Precentage": "+0.28%", "Volume": "8.424M", "Average Volume": "12.29M", "Market Cap": "31.163B", "Ratio": null}, {"Brand Symbol": "DIS", "Brand Titles": "The Walt Disney Company", "price": 138.72, "Change": -0.42, "Change Precentage": "-0.30%", "Volume": "8.247M", "Average Volume": "11.952M", "Market Cap": "252.558B", "Ratio": 82.42}, {"Brand Symbol": "TFC", "Brand Titles": "Truist Financial Corporation", "price": 59.56, "Change": -0.55, "Change Precentage": "-0.91%", "Volume": "7.828M", "Average Volume": "6.627M", "Market Cap": "79.155B", "Ratio": 13.32}, {"Brand Symbol": "PINS", "Brand Titles": "Pinterest, Inc.", "price": 26.45, "Change": 0.96, "Change Precentage": "+3.77%", "Volume": "8.129M", "Average Volume": "13.263M", "Market Cap": "17.408B", "Ratio": 57.5}, {"Brand Symbol": "TSM", "Brand Titles": "Taiwan Semiconductor Manufacturing Company Limited", "price": 106.33, "Change": -0.4, "Change Precentage": "-0.37%", "Volume": "8.07M", "Average Volume": "14.17M", "Market Cap": "551.406B", "Ratio": 26.52}, {"Brand Symbol": "AMCR", "Brand Titles": "Amcor plc", "price": 11.35, "Change": 0.01, "Change Precentage": "+0.09%", "Volume": "7.531M", "Average Volume": "8.312M", "Market Cap": "17.181B", "Ratio": 18.4}, {"Brand Symbol": "HL", "Brand Titles": "Hecla Mining Company", "price": 6.44, "Change": -0.34, "Change Precentage": "-5.01%", "Volume": "8.021M", "Average Volume": "9.337M", "Market Cap": "3.467B", "Ratio": 107.33}, {"Brand Symbol": "FHN", "Brand Titles": "First Horizon Corporation", "price": 23.42, "Change": 0.02, "Change Precentage": "+0.09%", "Volume": "6.006M", "Average Volume": "9.864M", "Market Cap": "12.506B", "Ratio": 13.46}, {"Brand Symbol": "PTON", "Brand Titles": "Peloton Interactive, Inc.", "price": 28.07, "Change": -0.35, "Change Precentage": "-1.23%", "Volume": "7.858M", "Average Volume": "25.631M", "Market Cap": "9.308B", "Ratio": null}, {"Brand Symbol": "GE", "Brand Titles": "General Electric Company", "price": 92.0, "Change": -2.02, "Change Precentage": "-2.15%", "Volume": "7.43M", "Average Volume": "6.664M", "Market Cap": "101.361B", "Ratio": null}, {"Brand Symbol": "SNOW", "Brand Titles": "Snowflake Inc.", "price": 235.89, "Change": 16.08, "Change Precentage": "+7.32%", "Volume": "7.241M", "Average Volume": "5.459M", "Market Cap": "72.253B", "Ratio": null}, {"Brand Symbol": "TAL", "Brand Titles": "TAL Education Group", "price": 3.19, "Change": 0.13, "Change Precentage": "+4.25%", "Volume": "7.369M", "Average Volume": "11.878M", "Market Cap": "2.232B", "Ratio": null}, {"Brand Symbol": "BKR", "Brand Titles": "Baker Hughes Company", "price": 37.0, "Change": -1.72, "Change Precentage": "-4.44%", "Volume": "7.385M", "Average Volume": "11.288M", "Market Cap": "38.016B", "Ratio": null}, {"Brand Symbol": "JOBY", "Brand Titles": "Joby Aviation, Inc.", "price": 5.71, "Change": -0.27, "Change Precentage": "-4.52%", "Volume": "7.17M", "Average Volume": "6.344M", "Market Cap": "3.45B", "Ratio": null}, {"Brand Symbol": "LI", "Brand Titles": "Li Auto Inc.", "price": 26.48, "Change": 0.08, "Change Precentage": "+0.30%", "Volume": "7.415M", "Average Volume": "10.377M", "Market Cap": "27.35B", "Ratio": null}, {"Brand Symbol": "NYCB", "Brand Titles": "New York Community Bancorp, Inc.", "price": 10.93, "Change": -0.04, "Change Precentage": "-0.36%", "Volume": "7.158M", "Average Volume": "7.502M", "Market Cap": "5.104B", "Ratio": 9.12}, {"Brand Symbol": "NLSN", "Brand Titles": "Nielsen Holdings plc", "price": 22.21, "Change": -0.07, "Change Precentage": "-0.31%", "Volume": "6.113M", "Average Volume": "6.246M", "Market Cap": "7.984B", "Ratio": 8.31}, {"Brand Symbol": "MQ", "Brand Titles": "Marqeta, Inc.", "price": 11.14, "Change": 0.12, "Change Precentage": "+1.09%", "Volume": "7.219M", "Average Volume": "8.602M", "Market Cap": "6.047B", "Ratio": null}, {"Brand Symbol": "EBAY", "Brand Titles": "eBay Inc.", "price": 58.78, "Change": 1.36, "Change Precentage": "+2.37%", "Volume": "7.156M", "Average Volume": "7.427M", "Market Cap": "34.535B", "Ratio": 2.86}, {"Brand Symbol": "OVV", "Brand Titles": "Ovintiv Inc.", "price": 53.84, "Change": -1.29, "Change Precentage": "-2.34%", "Volume": "3.154M", "Average Volume": "4.041M", "Market Cap": "13.958B", "Ratio": 10.12}, {"Brand Symbol": "MRK", "Brand Titles": "Merck & Co., Inc.", "price": 81.21, "Change": -0.13, "Change Precentage": "-0.16%", "Volume": "5.61M", "Average Volume": "12.205M", "Market Cap": "205.277B", "Ratio": 15.81}, {"Brand Symbol": "NET", "Brand Titles": "Cloudflare, Inc.", "price": 126.28, "Change": 6.65, "Change Precentage": "+5.56%", "Volume": "6.885M", "Average Volume": "6.142M", "Market Cap": "41.869B", "Ratio": null}, {"Brand Symbol": "RRC", "Brand Titles": "Range Resources Corporation", "price": 31.2, "Change": -0.31, "Change Precentage": "-0.98%", "Volume": "5.989M", "Average Volume": "6.683M", "Market Cap": "8.179B", "Ratio": 19.38}, {"Brand Symbol": "ETRN", "Brand Titles": "Equitrans Midstream Corporation", "price": 8.43, "Change": -0.01, "Change Precentage": "-0.12%", "Volume": "6.993M", "Average Volume": "7.422M", "Market Cap": "3.661B", "Ratio": null}, {"Brand Symbol": "SBSW", "Brand Titles": "Sibanye Stillwater Limited", "price": 15.67, "Change": -1.59, "Change Precentage": "-9.21%", "Volume": "7.096M", "Average Volume": "4.861M", "Market Cap": "11.238B", "Ratio": 5.05}, {"Brand Symbol": "MRVL", "Brand Titles": "Marvell Technology, Inc.", "price": 74.31, "Change": -0.06, "Change Precentage": "-0.08%", "Volume": "6.967M", "Average Volume": "11.64M", "Market Cap": "63B", "Ratio": null}, {"Brand Symbol": "TEVA", "Brand Titles": "Teva Pharmaceutical Industries Limited", "price": 8.56, "Change": -0.06, "Change Precentage": "-0.70%", "Volume": "6.875M", "Average Volume": "8.944M", "Market Cap": "9.445B", "Ratio": 22.65}, {"Brand Symbol": "BA", "Brand Titles": "The Boeing Company", "price": 188.16, "Change": -0.79, "Change Precentage": "-0.42%", "Volume": "6.811M", "Average Volume": "10.167M", "Market Cap": "111.087B", "Ratio": null}, {"Brand Symbol": "USB", "Brand Titles": "U.S. Bancorp", "price": 56.71, "Change": -0.41, "Change Precentage": "-0.72%", "Volume": "5.798M", "Average Volume": "7.938M", "Market Cap": "84.217B", "Ratio": 11.12}, {"Brand Symbol": "BTU", "Brand Titles": "Peabody Energy Corporation", "price": 24.43, "Change": -1.52, "Change Precentage": "-5.86%", "Volume": "6.847M", "Average Volume": "9.841M", "Market Cap": "3.264B", "Ratio": 7.6}, {"Brand Symbol": "CX", "Brand Titles": "CEMEX, S.A.B. de C.V.", "price": 5.21, "Change": -0.12, "Change Precentage": "-2.25%", "Volume": "6.47M", "Average Volume": "9.144M", "Market Cap": "7.924B", "Ratio": 10.42}, {"Brand Symbol": "SU", "Brand Titles": "Suncor Energy Inc.", "price": 32.75, "Change": -1.3, "Change Precentage": "-3.82%", "Volume": "6.747M", "Average Volume": "8.751M", "Market Cap": "47.013B", "Ratio": 14.78}, {"Brand Symbol": "PAGS", "Brand Titles": "PagSeguro Digital Ltd.", "price": 19.76, "Change": 0.04, "Change Precentage": "+0.20%", "Volume": "6.569M", "Average Volume": "3.662M", "Market Cap": "6.498B", "Ratio": 26.96}, {"Brand Symbol": "GPS", "Brand Titles": "The Gap, Inc.", "price": 14.71, "Change": 0.5, "Change Precentage": "+3.52%", "Volume": "6.511M", "Average Volume": "10.483M", "Market Cap": "5.457B", "Ratio": 21.96}, {"Brand Symbol": "COTY", "Brand Titles": "Coty Inc.", "price": 9.04, "Change": 0.12, "Change Precentage": "+1.35%", "Volume": "6.07M", "Average Volume": "9.77M", "Market Cap": "7.583B", "Ratio": 106.35}, {"Brand Symbol": "MDLZ", "Brand Titles": "Mondelez International, Inc.", "price": 61.57, "Change": 0.05, "Change Precentage": "+0.08%", "Volume": "7.906M", "Average Volume": "8.644M", "Market Cap": "85.479B", "Ratio": 20.25}, {"Brand Symbol": "ORCL", "Brand Titles": "Oracle Corporation", "price": 83.6, "Change": 1.87, "Change Precentage": "+2.29%", "Volume": "6.083M", "Average Volume": "9.537M", "Market Cap": "223.25B", "Ratio": 31.38}, {"Brand Symbol": "COIN", "Brand Titles": "Coinbase Global, Inc.", "price": 201.41, "Change": 14.7, "Change Precentage": "+7.87%", "Volume": "6.624M", "Average Volume": "4.89M", "Market Cap": "52.749B", "Ratio": 13.89}, {"Brand Symbol": "WMT", "Brand Titles": "Walmart Inc.", "price": 146.0, "Change": 2.55, "Change Precentage": "+1.78%", "Volume": "6.342M", "Average Volume": "8.215M", "Market Cap": "401.76B", "Ratio": 29.98}, {"Brand Symbol": "LOW", "Brand Titles": "Lowe's Companies, Inc.", "price": 213.78, "Change": 0.86, "Change Precentage": "+0.40%", "Volume": "6.351M", "Average Volume": "3.935M", "Market Cap": "141.429B", "Ratio": 17.76}, {"Brand Symbol": "PAA", "Brand Titles": "Plains All American Pipeline, L.P.", "price": 10.92, "Change": -0.41, "Change Precentage": "-3.62%", "Volume": "6.555M", "Average Volume": "5.962M", "Market Cap": "7.699B", "Ratio": 19.89}, {"Brand Symbol": "ON", "Brand Titles": "ON Semiconductor Corporation", "price": 65.32, "Change": 1.51, "Change Precentage": "+2.37%", "Volume": "6.483M", "Average Volume": "7.245M", "Market Cap": "28.251B", "Ratio": 28.78}, {"Brand Symbol": "AR", "Brand Titles": "Antero Resources Corporation", "price": 31.07, "Change": -0.17, "Change Precentage": "-0.54%", "Volume": "6.33M", "Average Volume": "8.808M", "Market Cap": "9.778B", "Ratio": null}, {"Brand Symbol": "MRNA", "Brand Titles": "Moderna, Inc.", "price": 173.08, "Change": 7.16, "Change Precentage": "+4.32%", "Volume": "6.437M", "Average Volume": "8.552M", "Market Cap": "69.755B", "Ratio": 6.12}, {"Brand Symbol": "APA", "Brand Titles": "APA Corporation", "price": 39.85, "Change": -1.68, "Change Precentage": "-4.05%", "Volume": "6.961M", "Average Volume": "10.034M", "Market Cap": "13.819B", "Ratio": 15.39}, {"Brand Symbol": "FITB", "Brand Titles": "Fifth Third Bancorp", "price": 45.8, "Change": -0.96, "Change Precentage": "-2.05%", "Volume": "6.336M", "Average Volume": "6.419M", "Market Cap": "31.404B", "Ratio": 12.28}, {"Brand Symbol": "ZIM", "Brand Titles": "ZIM Integrated Shipping Services Ltd.", "price": 72.34, "Change": 3.94, "Change Precentage": "+5.76%", "Volume": "6.24M", "Average Volume": "4.563M", "Market Cap": "8.667B", "Ratio": 1.85}, {"Brand Symbol": "EPD", "Brand Titles": "Enterprise Products Partners L.P.", "price": 25.53, "Change": 0.06, "Change Precentage": "+0.24%", "Volume": "5.935M", "Average Volume": "7.288M", "Market Cap": "55.563B", "Ratio": 12.13}, {"Brand Symbol": "JNPR", "Brand Titles": "Juniper Networks, Inc.", "price": 37.31, "Change": 0.79, "Change Precentage": "+2.16%", "Volume": "6.191M", "Average Volume": "4.396M", "Market Cap": "12.042B", "Ratio": 49.09}, {"Brand Symbol": "ALLG", "Brand Titles": "Allego N.V.", "price": 20.92, "Change": 2.2, "Change Precentage": "+11.75%", "Volume": "6.165M", "Average Volume": "1.975M", "Market Cap": "5.551B", "Ratio": null}, {"Brand Symbol": "NEE", "Brand Titles": "NextEra Energy, Inc.", "price": 84.43, "Change": 0.49, "Change Precentage": "+0.58%", "Volume": "5.947M", "Average Volume": "10.708M", "Market Cap": "165.714B", "Ratio": 46.65}, {"Brand Symbol": "PATH", "Brand Titles": "UiPath Inc.", "price": 29.43, "Change": 0.63, "Change Precentage": "+2.19%", "Volume": "6.09M", "Average Volume": "4.43M", "Market Cap": "15.457B", "Ratio": null}, {"Brand Symbol": "COP", "Brand Titles": "ConocoPhillips", "price": 103.5, "Change": -4.0, "Change Precentage": "-3.72%", "Volume": "5.89M", "Average Volume": "9.231M", "Market Cap": "134.501B", "Ratio": 17.05}, {"Brand Symbol": "CCJ", "Brand Titles": "Cameco Corporation", "price": 28.08, "Change": -0.68, "Change Precentage": "-2.36%", "Volume": "5.939M", "Average Volume": "8.152M", "Market Cap": "11.184B", "Ratio": null}, {"Brand Symbol": "AG", "Brand Titles": "First Majestic Silver Corp.", "price": 13.36, "Change": -0.51, "Change Precentage": "-3.68%", "Volume": "5.996M", "Average Volume": "6.005M", "Market Cap": "3.483B", "Ratio": null}, {"Brand Symbol": "KEY", "Brand Titles": "KeyCorp", "price": 23.43, "Change": -0.46, "Change Precentage": "-1.93%", "Volume": "5.847M", "Average Volume": "9.073M", "Market Cap": "21.559B", "Ratio": 8.9}, {"Brand Symbol": "TCOM", "Brand Titles": "Trip.com Group Limited", "price": 23.45, "Change": 1.01, "Change Precentage": "+4.50%", "Volume": "6.005M", "Average Volume": "7.33M", "Market Cap": "17.505B", "Ratio": null}, {"Brand Symbol": "SMFG", "Brand Titles": "Sumitomo Mitsui Financial Group, Inc.", "price": 6.66, "Change": -0.25, "Change Precentage": "-3.62%", "Volume": "5.147M", "Average Volume": "2.625M", "Market Cap": "46.172B", "Ratio": 6.36}, {"Brand Symbol": "WMB", "Brand Titles": "The Williams Companies, Inc.", "price": 33.3, "Change": -0.58, "Change Precentage": "-1.71%", "Volume": "5.818M", "Average Volume": "9.834M", "Market Cap": "40.536B", "Ratio": 26.85}, {"Brand Symbol": "AFRM", "Brand Titles": "Affirm Holdings, Inc.", "price": 43.25, "Change": 1.09, "Change Precentage": "+2.59%", "Volume": "5.959M", "Average Volume": "15.448M", "Market Cap": "12.303B", "Ratio": null}, {"Brand Symbol": "SBUX", "Brand Titles": "Starbucks Corporation", "price": 88.38, "Change": 0.93, "Change Precentage": "+1.06%", "Volume": "5.935M", "Average Volume": "10.001M", "Market Cap": "101.664B", "Ratio": 23.88}, {"Brand Symbol": "RF", "Brand Titles": "Regions Financial Corporation", "price": 23.03, "Change": -0.41, "Change Precentage": "-1.75%", "Volume": "5.79M", "Average Volume": "10.756M", "Market Cap": "21.582B", "Ratio": 9.25}, {"Brand Symbol": "RKT", "Brand Titles": "Rocket Companies, Inc.", "price": 10.87, "Change": 0.47, "Change Precentage": "+4.52%", "Volume": "5.846M", "Average Volume": "5.681M", "Market Cap": "21.602B", "Ratio": 4.68}]