[{"Brand Symbol": "IS", "Brand Titles": "ironSource Ltd.", "price": 5.02, "Change": -0.09, "Change Precentage": "-1.76%", "Volume": "5.305M", "Average Volume": "4.176M", "Market Cap": "6.948B", "Ratio": 83.67}, {"Brand Symbol": "UMC", "Brand Titles": "United Microelectronics Corporation", "price": 9.46, "Change": 0.02, "Change Precentage": "+0.21%", "Volume": "5.85M", "Average Volume": "10.403M", "Market Cap": "23.417B", "Ratio": 12.13}, {"Brand Symbol": "NU", "Brand Titles": "Nu Holdings Ltd.", "price": 8.06, "Change": 0.11, "Change Precentage": "+1.38%", "Volume": "5.796M", "Average Volume": "12.383M", "Market Cap": "37.379B", "Ratio": null}, {"Brand Symbol": "FL", "Brand Titles": "Foot Locker, Inc.", "price": 30.18, "Change": -0.32, "Change Precentage": "-1.05%", "Volume": "5.72M", "Average Volume": "3.199M", "Market Cap": "2.9B", "Ratio": 3.51}, {"Brand Symbol": "NKE", "Brand Titles": "NIKE, Inc.", "price": 134.81, "Change": 1.11, "Change Precentage": "+0.83%", "Volume": "5.634M", "Average Volume": "7.104M", "Market Cap": "213.175B", "Ratio": 35.57}, {"Brand Symbol": "CFG", "Brand Titles": "Citizens Financial Group, Inc.", "price": 47.69, "Change": -1.01, "Change Precentage": "-2.07%", "Volume": "5.611M", "Average Volume": "5.235M", "Market Cap": "20.132B", "Ratio": 9.24}, {"Brand Symbol": "VICI", "Brand Titles": "VICI Properties Inc.", "price": 27.86, "Change": 0.54, "Change Precentage": "+1.98%", "Volume": "5.714M", "Average Volume": "7.555M", "Market Cap": "20.851B", "Ratio": 15.83}, {"Brand Symbol": "SID", "Brand Titles": "Companhia Sider\u00fargica Nacional", "price": 5.46, "Change": -0.12, "Change Precentage": "-2.15%", "Volume": "5.691M", "Average Volume": "4.986M", "Market Cap": "7.381B", "Ratio": 2.96}, {"Brand Symbol": "MDT", "Brand Titles": "Medtronic plc", "price": 109.93, "Change": 1.47, "Change Precentage": "+1.36%", "Volume": "5.588M", "Average Volume": "6.755M", "Market Cap": "147.475B", "Ratio": 30.29}, {"Brand Symbol": "DB", "Brand Titles": "Deutsche Bank Aktiengesellschaft", "price": 12.91, "Change": 0.02, "Change Precentage": "+0.16%", "Volume": "5.645M", "Average Volume": "6.859M", "Market Cap": "27.046B", "Ratio": 12.61}, {"Brand Symbol": "GOGL", "Brand Titles": "Golden Ocean Group Limited", "price": 12.21, "Change": 0.01, "Change Precentage": "+0.08%", "Volume": "5.637M", "Average Volume": "3.465M", "Market Cap": "2.447B", "Ratio": 4.47}, {"Brand Symbol": "JNJ", "Brand Titles": "Johnson & Johnson", "price": 177.83, "Change": 0.91, "Change Precentage": "+0.51%", "Volume": "5.231M", "Average Volume": "7.954M", "Market Cap": "467.625B", "Ratio": 22.77}, {"Brand Symbol": "BHP", "Brand Titles": "BHP Group Limited", "price": 75.59, "Change": 0.25, "Change Precentage": "+0.33%", "Volume": "5.553M", "Average Volume": "5.983M", "Market Cap": "274.612B", "Ratio": 11.36}, {"Brand Symbol": "PPL", "Brand Titles": "PPL Corporation", "price": 27.77, "Change": 0.18, "Change Precentage": "+0.65%", "Volume": "5.433M", "Average Volume": "6.47M", "Market Cap": "20.421B", "Ratio": null}, {"Brand Symbol": "TTD", "Brand Titles": "The Trade Desk, Inc.", "price": 68.89, "Change": 3.44, "Change Precentage": "+5.26%", "Volume": "5.543M", "Average Volume": "6.826M", "Market Cap": "33.4B", "Ratio": 246.04}, {"Brand Symbol": "HBAN", "Brand Titles": "Huntington Bancshares Incorporated", "price": 15.09, "Change": -0.26, "Change Precentage": "-1.69%", "Volume": "6.125M", "Average Volume": "12.884M", "Market Cap": "21.802B", "Ratio": 16.77}, {"Brand Symbol": "HUN", "Brand Titles": "Huntsman Corporation", "price": 37.89, "Change": 1.91, "Change Precentage": "+5.31%", "Volume": "5.448M", "Average Volume": "2.663M", "Market Cap": "8.128B", "Ratio": 8.03}, {"Brand Symbol": "HPE", "Brand Titles": "Hewlett Packard Enterprise Company", "price": 17.38, "Change": -0.16, "Change Precentage": "-0.91%", "Volume": "6.409M", "Average Volume": "11.208M", "Market Cap": "22.596B", "Ratio": 6.22}, {"Brand Symbol": "HMY", "Brand Titles": "Harmony Gold Mining Company Limited", "price": 4.93, "Change": -0.27, "Change Precentage": "-5.19%", "Volume": "5.417M", "Average Volume": "8.259M", "Market Cap": "3.07B", "Ratio": 23.36}, {"Brand Symbol": "RKLB", "Brand Titles": "Rocket Lab USA, Inc.", "price": 7.64, "Change": -0.32, "Change Precentage": "-4.02%", "Volume": "5.549M", "Average Volume": "4.195M", "Market Cap": "3.551B", "Ratio": null}, {"Brand Symbol": "ABT", "Brand Titles": "Abbott Laboratories", "price": 119.99, "Change": 1.04, "Change Precentage": "+0.87%", "Volume": "4.22M", "Average Volume": "6.257M", "Market Cap": "211.6B", "Ratio": 30.45}, {"Brand Symbol": "RUN", "Brand Titles": "Sunrun Inc.", "price": 32.06, "Change": 0.74, "Change Precentage": "+2.36%", "Volume": "5.253M", "Average Volume": "7.314M", "Market Cap": "6.682B", "Ratio": null}, {"Brand Symbol": "AMAT", "Brand Titles": "Applied Materials, Inc.", "price": 137.66, "Change": 0.6, "Change Precentage": "+0.44%", "Volume": "5.192M", "Average Volume": "8.475M", "Market Cap": "121.608B", "Ratio": 19.18}, {"Brand Symbol": "TCEHY", "Brand Titles": "Tencent Holdings Limited", "price": 47.42, "Change": 1.74, "Change Precentage": "+3.81%", "Volume": "5.175M", "Average Volume": "5.354M", "Market Cap": "455.813B", "Ratio": 13.06}, {"Brand Symbol": "JBLU", "Brand Titles": "JetBlue Airways Corporation", "price": 14.65, "Change": 0.09, "Change Precentage": "+0.62%", "Volume": "5.363M", "Average Volume": "8.399M", "Market Cap": "4.691B", "Ratio": null}, {"Brand Symbol": "NRZ", "Brand Titles": "New Residential Investment Corp.", "price": 10.81, "Change": -0.04, "Change Precentage": "-0.37%", "Volume": "4.999M", "Average Volume": "5.43M", "Market Cap": "5.046B", "Ratio": 7.16}, {"Brand Symbol": "CIG", "Brand Titles": "Companhia Energ\u00e9tica de Minas Gerais", "price": 3.1, "Change": -0.04, "Change Precentage": "-1.27%", "Volume": "5.118M", "Average Volume": "5.814M", "Market Cap": "5.794B", "Ratio": 6.13}, {"Brand Symbol": "AA", "Brand Titles": "Alcoa Corporation", "price": 92.46, "Change": 0.5, "Change Precentage": "+0.54%", "Volume": "5.05M", "Average Volume": "8.217M", "Market Cap": "17.052B", "Ratio": 40.91}, {"Brand Symbol": "DISCK", "Brand Titles": "Discovery, Inc.", "price": 25.63, "Change": -1.68, "Change Precentage": "-6.15%", "Volume": "5.083M", "Average Volume": "5.802M", "Market Cap": "13.033B", "Ratio": 18.6}, {"Brand Symbol": "CRK", "Brand Titles": "Comstock Resources, Inc.", "price": 12.87, "Change": 0.05, "Change Precentage": "+0.39%", "Volume": "5.002M", "Average Volume": "3.923M", "Market Cap": "2.998B", "Ratio": null}, {"Brand Symbol": "MUR", "Brand Titles": "Murphy Oil Corporation", "price": 39.48, "Change": -3.67, "Change Precentage": "-8.51%", "Volume": "4.968M", "Average Volume": "2.004M", "Market Cap": "6.099B", "Ratio": null}]