[{"Brand Symbol": "AMC", "Brand Titles": "AMC Entertainment Holdings, Inc.", "price": "29.33", "Change": 9.09, "Change Precentage": "+44.91%", "Volume": "219.642M", "Average Volume": "51.313M", "Market Cap": "15.056B", "Ratio": null}, {"Brand Symbol": "AMD", "Brand Titles": "Advanced Micro Devices, Inc.", "price": "120.24", "Change": 0.57, "Change Precentage": "+0.48%", "Volume": "92.966M", "Average Volume": "100.743M", "Market Cap": "195.674B", "Ratio": 46.79}, {"Brand Symbol": "TLRY", "Brand Titles": "Tilray Brands, Inc.", "price": "7.99", "Change": -0.57, "Change Precentage": "-6.66%", "Volume": "90.952M", "Average Volume": "28.975M", "Market Cap": "3.841B", "Ratio": null}, {"Brand Symbol": "AAPL", "Brand Titles": "Apple Inc.", "price": "175.60", "Change": 0.88, "Change Precentage": "+0.50%", "Volume": "87.892M", "Average Volume": "94.158M", "Market Cap": "2.866T", "Ratio": 29.19}, {"Brand Symbol": "NIO", "Brand Titles": "NIO Inc.", "price": "21.21", "Change": 1.3, "Change Precentage": "+6.53%", "Volume": "74.76M", "Average Volume": "68.758M", "Market Cap": "38.659B", "Ratio": null}, {"Brand Symbol": "SWN", "Brand Titles": "Southwestern Energy Company", "price": "7.29", "Change": 0.41, "Change Precentage": "+5.96%", "Volume": "62.555M", "Average Volume": "27.417M", "Market Cap": "8.123B", "Ratio": null}, {"Brand Symbol": "F", "Brand Titles": "Ford Motor Company", "price": "16.67", "Change": 0.2, "Change Precentage": "+1.21%", "Volume": "54.551M", "Average Volume": "104.672M", "Market Cap": "68.21B", "Ratio": 3.75}, {"Brand Symbol": "ET", "Brand Titles": "Energy Transfer LP", "price": "10.88", "Change": 0.31, "Change Precentage": "+2.93%", "Volume": "43.706M", "Average Volume": "22.429M", "Market Cap": "33.541B", "Ratio": 5.76}, {"Brand Symbol": "DIDI", "Brand Titles": "DiDi Global Inc.", "price": "3.0200", "Change": -0.25, "Change Precentage": "-7.65%", "Volume": "42.312M", "Average Volume": "45.114M", "Market Cap": "14.566B", "Ratio": null}, {"Brand Symbol": "NVDA", "Brand Titles": "NVIDIA Corporation", "price": "282.19", "Change": 5.27, "Change Precentage": "+1.90%", "Volume": "42.549M", "Average Volume": "52.569M", "Market Cap": "703.217B", "Ratio": 73.3}, {"Brand Symbol": "EDU", "Brand Titles": "New Oriental Education & Technology Group Inc.", "price": "1.2500", "Change": -0.01, "Change Precentage": "-0.79%", "Volume": "16.736M", "Average Volume": "27.919M", "Market Cap": "2.169B", "Ratio": null}, {"Brand Symbol": "BCS", "Brand Titles": "Barclays PLC", "price": "8.09", "Change": -0.96, "Change Precentage": "-10.61%", "Volume": "36.019M", "Average Volume": "7.098M", "Market Cap": "36.991B", "Ratio": 4.2}, {"Brand Symbol": "T", "Brand Titles": "AT&T Inc.", "price": "23.87", "Change": 0.03, "Change Precentage": "+0.13%", "Volume": "37.1M", "Average Volume": "53.189M", "Market Cap": "170.982B", "Ratio": 8.64}, {"Brand Symbol": "NEGG", "Brand Titles": "Newegg Commerce, Inc.", "price": "7.40", "Change": 2.24, "Change Precentage": "+43.41%", "Volume": "38.717M", "Average Volume": "1.055M", "Market Cap": "2.728B", "Ratio": 36.63}, {"Brand Symbol": "BAC", "Brand Titles": "Bank of America Corporation", "price": "43.55", "Change": -0.18, "Change Precentage": "-0.41%", "Volume": "37.059M", "Average Volume": "55.359M", "Market Cap": "351.225B", "Ratio": 12.2}, {"Brand Symbol": "ITUB", "Brand Titles": "Ita\u00fa Unibanco Holding S.A.", "price": "5.68", "Change": -0.04, "Change Precentage": "-0.70%", "Volume": "36.338M", "Average Volume": "47.152M", "Market Cap": "55.55B", "Ratio": 9.9}, {"Brand Symbol": "PBR", "Brand Titles": "Petr\u00f3leo Brasileiro S.A. - Petrobras", "price": "14.18", "Change": -0.51, "Change Precentage": "-3.47%", "Volume": "34.627M", "Average Volume": "35.059M", "Market Cap": "92.486B", "Ratio": 4.19}, {"Brand Symbol": "TSLA", "Brand Titles": "Tesla, Inc.", "price": "1,091.84", "Change": 81.2, "Change Precentage": "+8.03%", "Volume": "34.169M", "Average Volume": "26.999M", "Market Cap": "1.132T", "Ratio": 222.78}, {"Brand Symbol": "SOFI", "Brand Titles": "SoFi Technologies, Inc.", "price": "9.25", "Change": 0.24, "Change Precentage": "+2.66%", "Volume": "33.301M", "Average Volume": "64.743M", "Market Cap": "7.397B", "Ratio": null}, {"Brand Symbol": "TELL", "Brand Titles": "Tellurian Inc.", "price": "5.43", "Change": -0.41, "Change Precentage": "-7.02%", "Volume": "32.624M", "Average Volume": "17.482M", "Market Cap": "2.815B", "Ratio": null}, {"Brand Symbol": "CCL", "Brand Titles": "Carnival Corporation & plc", "price": "19.40", "Change": 1.01, "Change Precentage": "+5.49%", "Volume": "32.009M", "Average Volume": "39.196M", "Market Cap": "22.725B", "Ratio": null}, {"Brand Symbol": "BBD", "Brand Titles": "Banco Bradesco S.A.", "price": "4.6100", "Change": -0.03, "Change Precentage": "-0.65%", "Volume": "30.227M", "Average Volume": "40.655M", "Market Cap": "48.999B", "Ratio": 9.15}, {"Brand Symbol": "BABA", "Brand Titles": "Alibaba Group Holding Limited", "price": "115.09", "Change": 2.1, "Change Precentage": "+1.86%", "Volume": "29.89M", "Average Volume": "32.714M", "Market Cap": "318.533B", "Ratio": 30.7}, {"Brand Symbol": "AAL", "Brand Titles": "American Airlines Group Inc.", "price": "17.30", "Change": 0.29, "Change Precentage": "+1.70%", "Volume": "29.74M", "Average Volume": "44.456M", "Market Cap": "11.23B", "Ratio": null}, {"Brand Symbol": "MSFT", "Brand Titles": "Microsoft Corporation", "price": "310.70", "Change": 7.02, "Change Precentage": "+2.31%", "Volume": "29.578M", "Average Volume": "38.045M", "Market Cap": "2.332T", "Ratio": 33.09}, {"Brand Symbol": "ABEV", "Brand Titles": "Ambev S.A.", "price": "3.0600", "Change": 0.06, "Change Precentage": "+2.00%", "Volume": "27.912M", "Average Volume": "23.697M", "Market Cap": "48.159B", "Ratio": 18.55}, {"Brand Symbol": "PLTR", "Brand Titles": "Palantir Technologies Inc.", "price": "13.42", "Change": 0.45, "Change Precentage": "+3.47%", "Volume": "26.849M", "Average Volume": "54.522M", "Market Cap": "27.244B", "Ratio": null}, {"Brand Symbol": "RIG", "Brand Titles": "Transocean Ltd.", "price": "4.6700", "Change": -0.36, "Change Precentage": "-7.16%", "Volume": "26.208M", "Average Volume": "24.578M", "Market Cap": "3.061B", "Ratio": null}, {"Brand Symbol": "C", "Brand Titles": "Citigroup Inc.", "price": "55.92", "Change": -0.82, "Change Precentage": "-1.45%", "Volume": "25.095M", "Average Volume": "27.961M", "Market Cap": "110.771B", "Ratio": 5.51}, {"Brand Symbol": "VALE", "Brand Titles": "Vale S.A.", "price": "19.97", "Change": 0.03, "Change Precentage": "+0.15%", "Volume": "25.026M", "Average Volume": "37.144M", "Market Cap": "97.262B", "Ratio": 3.91}, {"Brand Symbol": "DNA", "Brand Titles": "Ginkgo Bioworks Holdings, Inc.", "price": "3.7400", "Change": 0.08, "Change Precentage": "+2.19%", "Volume": "25.233M", "Average Volume": "14.01M", "Market Cap": "5.56B", "Ratio": null}, {"Brand Symbol": "OXY", "Brand Titles": "Occidental Petroleum Corporation", "price": "56.64", "Change": -2.07, "Change Precentage": "-3.53%", "Volume": "24.469M", "Average Volume": "32.552M", "Market Cap": "52.905B", "Ratio": 36.03}, {"Brand Symbol": "WFC", "Brand Titles": "Wells Fargo & Company", "price": "51.81", "Change": -0.75, "Change Precentage": "-1.43%", "Volume": "23.541M", "Average Volume": "32.952M", "Market Cap": "197.632B", "Ratio": 10.47}, {"Brand Symbol": "DKNG", "Brand Titles": "DraftKings Inc.", "price": "18.65", "Change": 0.45, "Change Precentage": "+2.47%", "Volume": "24.04M", "Average Volume": "28.126M", "Market Cap": "7.622B", "Ratio": null}, {"Brand Symbol": "MU", "Brand Titles": "Micron Technology, Inc.", "price": "79.86", "Change": 1.76, "Change Precentage": "+2.25%", "Volume": "26.465M", "Average Volume": "22.221M", "Market Cap": "89.426B", "Ratio": 12.36}, {"Brand Symbol": "QS", "Brand Titles": "QuantumScape Corporation", "price": "18.48", "Change": 1.19, "Change Precentage": "+6.88%", "Volume": "23.122M", "Average Volume": "8.375M", "Market Cap": "7.943B", "Ratio": null}, {"Brand Symbol": "INTC", "Brand Titles": "Intel Corporation", "price": "51.51", "Change": -0.32, "Change Precentage": "-0.62%", "Volume": "22.932M", "Average Volume": "39.927M", "Market Cap": "209.749B", "Ratio": 10.6}, {"Brand Symbol": "FB", "Brand Titles": "Meta Platforms, Inc.", "price": "223.59", "Change": 1.77, "Change Precentage": "+0.80%", "Volume": "25.549M", "Average Volume": "36.568M", "Market Cap": "608.599B", "Ratio": 16.24}, {"Brand Symbol": "ZNGA", "Brand Titles": "Zynga Inc.", "price": "9.26", "Change": 0.08, "Change Precentage": "+0.87%", "Volume": "22.379M", "Average Volume": "37.721M", "Market Cap": "10.486B", "Ratio": null}, {"Brand Symbol": "UBER", "Brand Titles": "Uber Technologies, Inc.", "price": "34.77", "Change": 0.71, "Change Precentage": "+2.08%", "Volume": "18.635M", "Average Volume": "33.67M", "Market Cap": "67.957B", "Ratio": null}, {"Brand Symbol": "PFE", "Brand Titles": "Pfizer Inc.", "price": "53.28", "Change": 0.5, "Change Precentage": "+0.95%", "Volume": "18.982M", "Average Volume": "34.272M", "Market Cap": "300.913B", "Ratio": 13.82}, {"Brand Symbol": "VZ", "Brand Titles": "Verizon Communications Inc.", "price": "51.17", "Change": -0.11, "Change Precentage": "-0.21%", "Volume": "21.279M", "Average Volume": "24.06M", "Market Cap": "214.802B", "Ratio": 9.62}, {"Brand Symbol": "XOM", "Brand Titles": "Exxon Mobil Corporation", "price": "82.81", "Change": -2.39, "Change Precentage": "-2.81%", "Volume": "21.139M", "Average Volume": "33.433M", "Market Cap": "350.584B", "Ratio": 15.37}, {"Brand Symbol": "PDD", "Brand Titles": "Pinduoduo Inc.", "price": "43.67", "Change": -0.57, "Change Precentage": "-1.29%", "Volume": "21.345M", "Average Volume": "15.324M", "Market Cap": "54.731B", "Ratio": 51.2}, {"Brand Symbol": "NLY", "Brand Titles": "Annaly Capital Management, Inc.", "price": "7.32", "Change": 0.05, "Change Precentage": "+0.69%", "Volume": "19.812M", "Average Volume": "24.231M", "Market Cap": "10.69B", "Ratio": 4.58}, {"Brand Symbol": "FCEL", "Brand Titles": "FuelCell Energy, Inc.", "price": "6.11", "Change": -0.11, "Change Precentage": "-1.77%", "Volume": "19.428M", "Average Volume": "24.224M", "Market Cap": "2.24B", "Ratio": null}, {"Brand Symbol": "HPQ", "Brand Titles": "HP Inc.", "price": "38.75", "Change": -1.09, "Change Precentage": "-2.74%", "Volume": "18.735M", "Average Volume": "12.686M", "Market Cap": "40.818B", "Ratio": 6.96}, {"Brand Symbol": "MARA", "Brand Titles": "Marathon Digital Holdings, Inc.", "price": "31.27", "Change": 2.38, "Change Precentage": "+8.24%", "Volume": "19.226M", "Average Volume": "12.806M", "Market Cap": "3.222B", "Ratio": null}, {"Brand Symbol": "XPEV", "Brand Titles": "XPeng Inc.", "price": "27.13", "Change": 0.08, "Change Precentage": "+0.30%", "Volume": "18.504M", "Average Volume": "12.864M", "Market Cap": "23.235B", "Ratio": null}, {"Brand Symbol": "SQ", "Brand Titles": "Block, Inc.", "price": "138.12", "Change": 7.79, "Change Precentage": "+5.98%", "Volume": "17.726M", "Average Volume": "21.019M", "Market Cap": "80.118B", "Ratio": 418.55}, {"Brand Symbol": "CMCSA", "Brand Titles": "Comcast Corporation", "price": "47.53", "Change": 0.4, "Change Precentage": "+0.85%", "Volume": "18.965M", "Average Volume": "22.864M", "Market Cap": "215.464B", "Ratio": 15.63}, {"Brand Symbol": "GOLD", "Brand Titles": "Barrick Gold Corporation", "price": "24.23", "Change": -0.31, "Change Precentage": "-1.26%", "Volume": "17.455M", "Average Volume": "23.349M", "Market Cap": "43.253B", "Ratio": 21.31}, {"Brand Symbol": "RBLX", "Brand Titles": "Roblox Corporation", "price": "48.40", "Change": 1.33, "Change Precentage": "+2.83%", "Volume": "18.145M", "Average Volume": "24.796M", "Market Cap": "28.448B", "Ratio": null}, {"Brand Symbol": "NCLH", "Brand Titles": "Norwegian Cruise Line Holdings Ltd.", "price": "20.54", "Change": 0.68, "Change Precentage": "+3.42%", "Volume": "18.492M", "Average Volume": "23.308M", "Market Cap": "8.567B", "Ratio": null}, {"Brand Symbol": "LCID", "Brand Titles": "Lucid Group, Inc.", "price": "25.38", "Change": 0.22, "Change Precentage": "+0.87%", "Volume": "18.224M", "Average Volume": "33.635M", "Market Cap": "41.96B", "Ratio": null}, {"Brand Symbol": "JD", "Brand Titles": "JD.com, Inc.", "price": "59.77", "Change": -0.15, "Change Precentage": "-0.25%", "Volume": "18.059M", "Average Volume": "15.403M", "Market Cap": "92.966B", "Ratio": null}, {"Brand Symbol": "IQ", "Brand Titles": "iQIYI, Inc.", "price": "4.7200", "Change": 0.41, "Change Precentage": "+9.51%", "Volume": "17.829M", "Average Volume": "18.318M", "Market Cap": "4.499B", "Ratio": null}, {"Brand Symbol": "CGC", "Brand Titles": "Canopy Growth Corporation", "price": "7.94", "Change": -0.75, "Change Precentage": "-8.63%", "Volume": "17.778M", "Average Volume": "7.779M", "Market Cap": "3.13B", "Ratio": null}, {"Brand Symbol": "CLF", "Brand Titles": "Cleveland-Cliffs Inc.", "price": "33.07", "Change": 0.07, "Change Precentage": "+0.21%", "Volume": "17.235M", "Average Volume": "24.188M", "Market Cap": "17.375B", "Ratio": 6.18}, {"Brand Symbol": "KMI", "Brand Titles": "Kinder Morgan, Inc.", "price": "18.75", "Change": -0.32, "Change Precentage": "-1.68%", "Volume": "16.315M", "Average Volume": "18.4M", "Market Cap": "42.515B", "Ratio": 24.01}, {"Brand Symbol": "CSCO", "Brand Titles": "Cisco Systems, Inc.", "price": "55.14", "Change": 0.17, "Change Precentage": "+0.31%", "Volume": "17.165M", "Average Volume": "22.234M", "Market Cap": "229.061B", "Ratio": 19.69}, {"Brand Symbol": "MRO", "Brand Titles": "Marathon Oil Corporation", "price": "25.29", "Change": -0.75, "Change Precentage": "-2.88%", "Volume": "17.907M", "Average Volume": "22.141M", "Market Cap": "18.481B", "Ratio": 21.08}, {"Brand Symbol": "NOK", "Brand Titles": "Nokia Oyj", "price": "5.39", "Change": 0.02, "Change Precentage": "+0.37%", "Volume": "17.008M", "Average Volume": "29.107M", "Market Cap": "30.446B", "Ratio": 17.0}, {"Brand Symbol": "CS", "Brand Titles": "Credit Suisse Group AG", "price": "7.94", "Change": -0.21, "Change Precentage": "-2.58%", "Volume": "16.464M", "Average Volume": "10.632M", "Market Cap": "20.403B", "Ratio": null}, {"Brand Symbol": "PLAN", "Brand Titles": "Anaplan, Inc.", "price": "65.06", "Change": 0.12, "Change Precentage": "+0.18%", "Volume": "13.924M", "Average Volume": "5.834M", "Market Cap": "9.773B", "Ratio": null}, {"Brand Symbol": "FTI", "Brand Titles": "TechnipFMC plc", "price": "7.85", "Change": -0.02, "Change Precentage": "-0.25%", "Volume": "16.304M", "Average Volume": "10.553M", "Market Cap": "3.55B", "Ratio": 301.92}, {"Brand Symbol": "PLUG", "Brand Titles": "Plug Power Inc.", "price": "28.08", "Change": 0.13, "Change Precentage": "+0.47%", "Volume": "16.378M", "Average Volume": "21.359M", "Market Cap": "16.23B", "Ratio": null}, {"Brand Symbol": "GME", "Brand Titles": "GameStop Corp.", "price": "189.59", "Change": 37.64, "Change Precentage": "+24.77%", "Volume": "16.317M", "Average Volume": "4.172M", "Market Cap": "14.473B", "Ratio": null}, {"Brand Symbol": "PBR-A", "Brand Titles": "Petr\u00f3leo Brasileiro S.A. - Petrobras", "price": "13.10", "Change": -0.44, "Change Precentage": "-3.25%", "Volume": "16.228M", "Average Volume": "14.192M", "Market Cap": "73.386B", "Ratio": 3.87}, {"Brand Symbol": "ERIC", "Brand Titles": "Telefonaktiebolaget LM Ericsson (publ)", "price": "9.38", "Change": 0.11, "Change Precentage": "+1.19%", "Volume": "16.179M", "Average Volume": "11.251M", "Market Cap": "31.237B", "Ratio": null}, {"Brand Symbol": "RYCEY", "Brand Titles": "Rolls-Royce Holdings plc", "price": "1.3400", "Change": -0.18, "Change Precentage": "-11.84%", "Volume": "16.102M", "Average Volume": "4.928M", "Market Cap": "11.213B", "Ratio": 70.53}, {"Brand Symbol": "CSX", "Brand Titles": "CSX Corporation", "price": "37.53", "Change": 0.61, "Change Precentage": "+1.65%", "Volume": "15.745M", "Average Volume": "16.217M", "Market Cap": "81.762B", "Ratio": 22.34}, {"Brand Symbol": "BB", "Brand Titles": "BlackBerry Limited", "price": "7.67", "Change": 0.28, "Change Precentage": "+3.79%", "Volume": "15.027M", "Average Volume": "8.129M", "Market Cap": "4.4B", "Ratio": null}, {"Brand Symbol": "SONO", "Brand Titles": "Sonos, Inc.", "price": "30.20", "Change": 3.74, "Change Precentage": "+14.13%", "Volume": "15.369M", "Average Volume": "2.692M", "Market Cap": "3.854B", "Ratio": 28.76}, {"Brand Symbol": "GRAB", "Brand Titles": "Grab Holdings Limited", "price": "3.4400", "Change": 0.14, "Change Precentage": "+4.24%", "Volume": "15.364M", "Average Volume": "26.277M", "Market Cap": "12.869B", "Ratio": null}, {"Brand Symbol": "CTRA", "Brand Titles": "Coterra Energy Inc.", "price": "28.09", "Change": -0.82, "Change Precentage": "-2.84%", "Volume": "15.12M", "Average Volume": "10.396M", "Market Cap": "22.78B", "Ratio": 12.27}, {"Brand Symbol": "TME", "Brand Titles": "Tencent Music Entertainment Group", "price": "5.22", "Change": 0.26, "Change Precentage": "+5.24%", "Volume": "15.051M", "Average Volume": "18.073M", "Market Cap": "8.835B", "Ratio": 18.51}, {"Brand Symbol": "SNAP", "Brand Titles": "Snap Inc.", "price": "36.23", "Change": 0.83, "Change Precentage": "+2.34%", "Volume": "15.003M", "Average Volume": "36.033M", "Market Cap": "58.848B", "Ratio": null}, {"Brand Symbol": "RLX", "Brand Titles": "RLX Technology Inc.", "price": "1.9900", "Change": 0.03, "Change Precentage": "+1.53%", "Volume": "14.834M", "Average Volume": "15.105M", "Market Cap": "3.126B", "Ratio": 8.84}, {"Brand Symbol": "BP", "Brand Titles": "BP p.l.c.", "price": "29.93", "Change": -1.12, "Change Precentage": "-3.61%", "Volume": "14.862M", "Average Volume": "17.62M", "Market Cap": "100.65B", "Ratio": 13.37}, {"Brand Symbol": "VTRS", "Brand Titles": "Viatris Inc.", "price": "10.90", "Change": -0.29, "Change Precentage": "-2.59%", "Volume": "14.824M", "Average Volume": "13.415M", "Market Cap": "13.184B", "Ratio": null}, {"Brand Symbol": "SIRI", "Brand Titles": "Sirius XM Holdings Inc.", "price": "6.60", "Change": 0.04, "Change Precentage": "+0.61%", "Volume": "14.463M", "Average Volume": "22.013M", "Market Cap": "26.056B", "Ratio": 20.69}, {"Brand Symbol": "RIOT", "Brand Titles": "Riot Blockchain, Inc.", "price": "22.86", "Change": 2.1, "Change Precentage": "+10.12%", "Volume": "14.307M", "Average Volume": "9.906M", "Market Cap": "2.681B", "Ratio": null}, {"Brand Symbol": "SLB", "Brand Titles": "Schlumberger Limited", "price": "41.73", "Change": -1.95, "Change Precentage": "-4.46%", "Volume": "13.49M", "Average Volume": "17.688M", "Market Cap": "58.97B", "Ratio": 31.61}, {"Brand Symbol": "FCX", "Brand Titles": "Freeport-McMoRan Inc.", "price": "50.27", "Change": -1.66, "Change Precentage": "-3.20%", "Volume": "13.647M", "Average Volume": "19.659M", "Market Cap": "73.132B", "Ratio": 17.33}, {"Brand Symbol": "TWTR", "Brand Titles": "Twitter, Inc.", "price": "39.12", "Change": 0.52, "Change Precentage": "+1.35%", "Volume": "13.327M", "Average Volume": "19.076M", "Market Cap": "31.321B", "Ratio": null}, {"Brand Symbol": "PYPL", "Brand Titles": "PayPal Holdings, Inc.", "price": "116.17", "Change": 2.41, "Change Precentage": "+2.12%", "Volume": "13.868M", "Average Volume": "22.328M", "Market Cap": "138.063B", "Ratio": 33.0}, {"Brand Symbol": "M", "Brand Titles": "Macy's Inc.", "price": "25.58", "Change": -0.61, "Change Precentage": "-2.33%", "Volume": "13.529M", "Average Volume": "13.531M", "Market Cap": "7.48B", "Ratio": 5.62}, {"Brand Symbol": "X", "Brand Titles": "United States Steel Corporation", "price": "37.65", "Change": -0.8, "Change Precentage": "-2.08%", "Volume": "13.539M", "Average Volume": "20.524M", "Market Cap": "9.824B", "Ratio": 2.53}, {"Brand Symbol": "OPEN", "Brand Titles": "Opendoor Technologies Inc.", "price": "8.95", "Change": 0.3, "Change Precentage": "+3.47%", "Volume": "13.462M", "Average Volume": "16.833M", "Market Cap": "5.55B", "Ratio": null}, {"Brand Symbol": "IBN", "Brand Titles": "ICICI Bank Limited", "price": "18.56", "Change": 0.37, "Change Precentage": "+2.03%", "Volume": "8.917M", "Average Volume": "11.716M", "Market Cap": "65.213B", "Ratio": 22.52}, {"Brand Symbol": "AUY", "Brand Titles": "Yamana Gold Inc.", "price": "5.50", "Change": -0.17, "Change Precentage": "-3.00%", "Volume": "12.876M", "Average Volume": "18.924M", "Market Cap": "5.279B", "Ratio": 36.67}, {"Brand Symbol": "NKLA", "Brand Titles": "Nikola Corporation", "price": "10.40", "Change": 0.29, "Change Precentage": "+2.87%", "Volume": "12.804M", "Average Volume": "16.667M", "Market Cap": "4.342B", "Ratio": null}, {"Brand Symbol": "UAL", "Brand Titles": "United Airlines Holdings, Inc.", "price": "43.86", "Change": 0.68, "Change Precentage": "+1.57%", "Volume": "12.508M", "Average Volume": "14.834M", "Market Cap": "14.238B", "Ratio": null}, {"Brand Symbol": "HOOD", "Brand Titles": "Robinhood Markets, Inc.", "price": "12.81", "Change": 0.42, "Change Precentage": "+3.39%", "Volume": "12.38M", "Average Volume": "22.484M", "Market Cap": "10.705B", "Ratio": null}, {"Brand Symbol": "BBBY", "Brand Titles": "Bed Bath & Beyond Inc.", "price": "26.32", "Change": 3.73, "Change Precentage": "+16.51%", "Volume": "12.214M", "Average Volume": "8.943M", "Market Cap": "2.536B", "Ratio": null}, {"Brand Symbol": "GM", "Brand Titles": "General Motors Company", "price": "44.22", "Change": 0.57, "Change Precentage": "+1.31%", "Volume": "10.64M", "Average Volume": "20.227M", "Market Cap": "65.283B", "Ratio": 6.6}, {"Brand Symbol": "PCG", "Brand Titles": "PG&E Corporation", "price": "12.04", "Change": 0.06, "Change Precentage": "+0.50%", "Volume": "11.591M", "Average Volume": "18.425M", "Market Cap": "27.096B", "Ratio": null}, {"Brand Symbol": "KO", "Brand Titles": "The Coca-Cola Company", "price": "61.92", "Change": 0.39, "Change Precentage": "+0.63%", "Volume": "10.997M", "Average Volume": "19.726M", "Market Cap": "268.452B", "Ratio": 27.52}, {"Brand Symbol": "DAL", "Brand Titles": "Delta Air Lines, Inc.", "price": "38.34", "Change": 0.43, "Change Precentage": "+1.13%", "Volume": "11.268M", "Average Volume": "15.436M", "Market Cap": "24.535B", "Ratio": 87.14}]