[{"name": "Ginkgo Bioworks Holdings, Inc.", "url": "https://finance.yahoo.com/quote/DNA", "lastprice": 4.59, "change": 0.85, "percentage": 0.2273, "markettime": "4:00 PM EDT", "volume": "61.99M", "avg": "14.94M", "maretcapp": "6.82B", "symbol": "DNA"}, {"name": "VEON Ltd.", "url": "https://finance.yahoo.com/quote/VEON", "lastprice": 0.6879, "change": 0.08, "percentage": 0.1286, "markettime": "4:00 PM EDT", "volume": "59.62M", "avg": "33.20M", "maretcapp": "1.84B", "symbol": "VEON"}, {"name": "Vinco Ventures, Inc.", "url": "https://finance.yahoo.com/quote/BBIG", "lastprice": 3.38, "change": 0.41, "percentage": 0.138, "markettime": "4:00 PM EDT", "volume": "44.48M", "avg": "40.01M", "maretcapp": "632.24M", "symbol": "BBIG"}, {"name": "Hycroft Mining Holding Corporation", "url": "https://finance.yahoo.com/quote/HYMC", "lastprice": 2.59, "change": 0.27, "percentage": 0.1164, "markettime": "4:00 PM EDT", "volume": "376.28M", "avg": "41.43M", "maretcapp": "277.78M", "symbol": "HYMC"}, {"name": "World Health Energy Holdings, Inc.", "url": "https://finance.yahoo.com/quote/WHEN", "lastprice": 0.0005, "change": 0.0, "percentage": 0.25, "markettime": "3:55 PM EDT", "volume": "267.65M", "avg": "27.22M", "maretcapp": "243.50M", "symbol": "WHEN"}, {"name": "Trans Global Group, Inc.", "url": "https://finance.yahoo.com/quote/TGGI", "lastprice": 0.0191, "change": 0.0, "percentage": 0.0852, "markettime": "3:59 PM EDT", "volume": "44.27M", "avg": "66.30M", "maretcapp": "135.35M", "symbol": "TGGI"}, {"name": "Clever Leaves Holdings Inc.", "url": "https://finance.yahoo.com/quote/CLVR", "lastprice": 2.68, "change": 0.77, "percentage": 0.4031, "markettime": "4:00 PM EDT", "volume": "127.54M", "avg": "5.44M", "maretcapp": "80.73M", "symbol": "CLVR"}, {"name": "Guardforce AI Co., Limited", "url": "https://finance.yahoo.com/quote/GFAI", "lastprice": 1.39, "change": 0.21, "percentage": 0.178, "markettime": "4:00 PM EDT", "volume": "71.86M", "avg": "11.89M", "maretcapp": "40.48M", "symbol": "GFAI"}, {"name": "Hemp, Inc", "url": "https://finance.yahoo.com/quote/HEMP", "lastprice": 0.00155, "change": 0.0, "percentage": 0.0333, "markettime": "3:59 PM EDT", "volume": "78.69M", "avg": "79.25M", "maretcapp": "32.10M", "symbol": "HEMP"}, {"name": "Amazonas Florestal, Ltd", "url": "https://finance.yahoo.com/quote/AZFL", "lastprice": 0.0008, "change": 0.0, "percentage": 0.1429, "markettime": "3:58 PM EDT", "volume": "159.31M", "avg": "39.52M", "maretcapp": "10.84M", "symbol": "AZFL"}, {"name": "China SXT Pharmaceuticals, Inc.", "url": "https://finance.yahoo.com/quote/SXTC", "lastprice": 0.2937, "change": 0.09, "percentage": 0.454, "markettime": "4:00 PM EDT", "volume": "215.51M", "avg": "10.13M", "maretcapp": "8.55M", "symbol": "SXTC"}, {"name": "Argentum 47, Inc.", "url": "https://finance.yahoo.com/quote/ARGQ", "lastprice": 0.0095, "change": 0.0, "percentage": 1.0652, "markettime": "3:59 PM EDT", "volume": "183.52M", "avg": "9.01M", "maretcapp": "5.61M", "symbol": "ARGQ"}, {"name": "PPJ Healthcare Enterprises, Inc.", "url": "https://finance.yahoo.com/quote/PPJE", "lastprice": 0.0009, "change": 0.0, "percentage": 0.125, "markettime": "3:58 PM EDT", "volume": "50.61M", "avg": "15.32M", "maretcapp": "4.90M", "symbol": "PPJE"}, {"name": "CarbonMeta Technologies, Inc.", "url": "https://finance.yahoo.com/quote/COWI", "lastprice": 0.0004, "change": 0.0, "percentage": 0.1429, "markettime": "3:59 PM EDT", "volume": "69.04M", "avg": "59.51M", "maretcapp": "4.78M", "symbol": "COWI"}, {"name": "Bergio International, Inc.", "url": "https://finance.yahoo.com/quote/BRGO", "lastprice": 0.0015, "change": 0.0, "percentage": 0.3636, "markettime": "3:59 PM EDT", "volume": "186.81M", "avg": "93.96M", "maretcapp": "1.44M", "symbol": "BRGO"}, {"name": "South Beach Spirits, Inc.", "url": "https://finance.yahoo.com/quote/SBES", "lastprice": 0.001, "change": 0.0, "percentage": 0.4286, "markettime": "3:59 PM EDT", "volume": "180.76M", "avg": "85.66M", "maretcapp": "1.22M", "symbol": "SBES"}, {"name": "Nouveau Life Pharmaceuticals, Inc.", "url": "https://finance.yahoo.com/quote/NOUV", "lastprice": 0.0011, "change": 0.0, "percentage": 0.1, "markettime": "3:43 PM EDT", "volume": "54.29M", "avg": "42.82M", "maretcapp": "1.07M", "symbol": "NOUV"}, {"name": "Tiger Oil and Energy, Inc.", "url": "https://finance.yahoo.com/quote/TGRO", "lastprice": 0.0003, "change": 0.0, "percentage": 0.5, "markettime": "3:59 PM EDT", "volume": "281.08M", "avg": "141.84M", "maretcapp": "674.51k", "symbol": "TGRO"}, {"name": "Friendable, Inc.", "url": "https://finance.yahoo.com/quote/FDBL", "lastprice": 0.0014, "change": 0.0, "percentage": 0.2727, "markettime": "3:58 PM EDT", "volume": "484.05M", "avg": "43.29M", "maretcapp": "666.40k", "symbol": "FDBL"}, {"name": "VizConnect, Inc.", "url": "https://finance.yahoo.com/quote/VIZC", "lastprice": 0.000845, "change": 0.0, "percentage": 0.0562, "markettime": "3:49 PM EDT", "volume": "49.99M", "avg": "26.04M", "maretcapp": "626.50k", "symbol": "VIZC"}, {"name": "GD Entertainment & Technology, Inc.", "url": "https://finance.yahoo.com/quote/GDET", "lastprice": 0.0005, "change": 0.0, "percentage": 0.25, "markettime": "3:15 PM EDT", "volume": "46.66M", "avg": "40.60M", "maretcapp": "573.11k", "symbol": "GDET"}, {"name": "Foothills Exploration, Inc.", "url": "https://finance.yahoo.com/quote/FTXP", "lastprice": 0.0005, "change": 0.0, "percentage": 0.1111, "markettime": "3:16 PM EDT", "volume": "50.37M", "avg": "112.03M", "maretcapp": "558.95k", "symbol": "FTXP"}, {"name": "EVIO, Inc.", "url": "https://finance.yahoo.com/quote/EVIO", "lastprice": 0.0002, "change": 0.0, "percentage": 0.3333, "markettime": "3:36 PM EDT", "volume": "75.65M", "avg": "114.18M", "maretcapp": "537.79k", "symbol": "EVIO"}, {"name": "JPX Global, Inc.", "url": "https://finance.yahoo.com/quote/JPEX", "lastprice": 0.0019, "change": 0.0, "percentage": 0.0857, "markettime": "3:57 PM EDT", "volume": "58.25M", "avg": "64.93M", "maretcapp": "406.68k", "symbol": "JPEX"}, {"name": "Nutranomics, Inc.", "url": "https://finance.yahoo.com/quote/NNRX", "lastprice": 0.00055, "change": 0.0, "percentage": 0.5714, "markettime": "3:59 PM EDT", "volume": "888.57M", "avg": "232.22M", "maretcapp": "319.37k", "symbol": "NNRX"}, {"name": "For The Earth Corp.", "url": "https://finance.yahoo.com/quote/FTEG", "lastprice": 0.0002, "change": 0.0, "percentage": 0.3333, "markettime": "3:56 PM EDT", "volume": "65.49M", "avg": "122.17M", "maretcapp": "208.05k", "symbol": "FTEG"}, {"name": "Masterbeat Corporation", "url": "https://finance.yahoo.com/quote/MSTO", "lastprice": 0.0022, "change": 0.0, "percentage": 0.0476, "markettime": "3:59 PM EDT", "volume": "98.78M", "avg": "21.41M", "maretcapp": "100.84k", "symbol": "MSTO"}, {"name": "GNCC Capital, Inc.", "url": "https://finance.yahoo.com/quote/GNCP", "lastprice": 0.0002, "change": 0.0, "percentage": 0.3333, "markettime": "3:52 PM EDT", "volume": "70.70M", "avg": "174.29M", "maretcapp": "40.63k", "symbol": "GNCP"}, {"name": "ZA Group Inc.", "url": "https://finance.yahoo.com/quote/ZAAG", "lastprice": 0.0006, "change": 0.0, "percentage": 0.2, "markettime": "3:59 PM EDT", "volume": "133.04M", "avg": "104.74M", "maretcapp": "-", "symbol": "ZAAG"}, {"name": "Boon Industries Inc.", "url": "https://finance.yahoo.com/quote/BNOW", "lastprice": 0.0024, "change": 0.0, "percentage": 0.1429, "markettime": "3:59 PM EDT", "volume": "105.22M", "avg": "67.76M", "maretcapp": "-", "symbol": "BNOW"}]